Workbook
Name _rpe: Reference!$F$8:$R$16
Name benchlist: 'Personal Info'!$C:$C
Name query1: #REF!
Name bnmax: 'Personal Info'!$S$10
Name _meetsel: #REF!
Name bnmetrics: #REF!
Name _uom: 'Personal Info'!$L$5
Name dlmetrics: #REF!
Name sqmetrics: #REF!
Name squatlist: 'Personal Info'!$A:$A
Name progdt: 'Personal Info'!$L$25
Name gen: Training!$F$7
Name meetctdn: #REF!
Name dlmax: 'Personal Info'!$W$10
Name deadlist: 'Personal Info'!$E:$E
Name query2: #REF!
Name sqmax: 'Personal Info'!$O$10

Sheet Start Here
B2: WELCOME!
B3: PROGRAM EXPLANATION & FAQ
B6: BEGIN
B8: 1 | C8: Click FILE > MAKE A COPY at the top menu bar to create a copy of this program into your own Google Drive account. From there, you can edit the training file and make it your own.
B9: 2 | C9: Enter your current 1RMs on the Personal Info tab in the yellow boxes. You may also enter a low-rep, high-RPE set. Do not enter theoretical maxes or desired training outcomes. It is not needed to enter a 90% or 95% of your maxes...simply your maxes will do.
B10: 3 | C10: Look over the training plan, familiarize yourself with what is to come. We suggest running the plan without modification the first time through before attempting changes. Refer to our guide on RPE included for the best results.
B11: 4 | C11: =Hyperlink("mailto:support@thestrengthathlete.com","Read through the FAQ below, and if you have further questions, don't hesitate to email us by clicking here.") -> Read through the FAQ below, and if you have further questions, don't hesitate to email us by clicking here.
B12: 5 | C12: If you enjoyed the program, donate here and buy us a coffee!
C14: =HYPERLINK("http://www.thestrengthathlete.com/donate","DONATE HERE") -> DONATE HERE | G14: =HYPERLINK("mailto:support@thestrengthathlete.com","CONTACT US") -> CONTACT US
B20: THE PROGRAM
B22: This is a 9-week training approach designed for intermediate lifters to peak effectively into actual competitions (or a mock meet) with high performance. The first four weeks represent higher overall work and lower overall loading, designed to build training adaptions and muscle hypertrophy. We’ll deload on Week 5, shedding some fatigue and preparing for the next phase. Finally, we’ll peak with exposure to heavier loads, bringing out your best.
B24: While this is a generalized approach, meaning we aren’t targeting any individual athlete strengths or weaknesses or problem-solving strategies, it’s designed to overcome many of the shortcomings with powerlifting approaches we’ve seen. It additionally has an option for female and male athletes to make sure the approach is better tailored to your needs. This is the intermediate approach we wish all athletes had access to, with balanced volume, intensity, and frequency.
B26: As our training methods continue to evolve, we’ve updated the intermediate approach to match those changes. You’ll see an increased use of autoregulation and the addition of lower repetition top sets with higher repetition backoff work to combine the best of both worlds. As you get close to peaking, you’ll see some subtle changes to the peaking structure to ride the line between fitness and fatigue. We think you’ll really like it.
B28: For squat, we begin with higher training volume over two days per week of training frequency. We already have some exposure to higher intensities early on, allowing the athlete large amounts of time for low-repetition adaptations to occur. We’ll build overall lower body strength with the overall amount of volume (and added leg pressing work), and increased skill with high specificity. We utilize multiple rep ranges to ensure maximum strength and hypertrophy.
B30: For bench press, we include regular exposure to pressing to allow for accelerated rates of progress. Athletes will handle horizontal pressing four times a week with access to singles starting on week 1. More than likely, you’re about to bench more than you have in a long time.
B32: For deadlift, we have a fantastic balance of competition work with paused work, designed to teach technique and bracing and ultimately improve positioning. There’s a delayed shift for heavy work on deadlift until much later in the training approach to allow space for building strength before we test strength.
B34: WHO & WHY
B36: Q: | C36: Who is this program designed for?
B37: A: | C37: We’ve defined a sample athlete for this program as a male or female with some experience in resistance training, and around two years of experience in powerlifting. If you have less than six months' experience, we suggest the TSA Beginner Approach. If you have one to two years' experience, we suggest the TSA Intermediate 1.0 Aopproach. This sample athlete is healthy, has no current injuries or movement limitations, and can effectively train four times per week. Ideally, this athlete is eating in a small to moderate caloric surplus, sleeping 7-10 hours per night, and stressing as little (or as predictably) as possible.
B39: Q: | C39: What if this program is too hard?
B40: A: | C40: This program is purposefully designed for intermediate lifters who want to prepare for 1RM tests in 9 weeks. If you think you’re a more beginner lifter, check out our free TSA Beginner Approach, or consider working one on one with a TSA coach to make sure training is continually tailored to you and your goals. You can also modify this program with less frequency, less training volume, or lower average loads.
B42: Q: | C42: What do I need to do before this program?
B43: A: | C43: You need to have done a heavy set of 1-3 reps at RPE 8.5-10 on squat, bench press, and deadlift in the last 3 months. This is so you can populate the loads you'll be using on the plan.
B45: Q: | C45: What are the requirements to run this program?
B46: A: | C46: Have access to any equipment necessary to effectively train, understand RPE and how to rate RPE. Have four available training days in your work/school/life schedule.
B48: ABOUT THE PROGRAM
B50: Q: | C50: Why the top sets on squats and bench press so early?
B51: A: | C51: The little bit of added heavier work early on gives the athletes some intensity ideas for the RPE-based work in the second half of the training cycle. Additionally, they increase skill acquisition and neural efficiency early on, which should translate to better performance in competition.
B53: Q: | C53: Why the "Athlete Movement of Choice"?
B54: A: | C54: Some research and our own observation suggests athletes feel a lack of control over a training approach that was entirely written without their input. Giving the athlete freedom to select some parts of the training approach gives them a sense of ownership and control, further increasing buy-in and adherence as a result. It's a chance for you to contribute and engage with the approach
B56: Q: | C56: What is the difference from selecting ‘male’ to selecting ‘female’?
B57: A: | C57: We have added slightly more training volume for female athletes, as they likely require it to make the same level of progress. The additions in training volume exist across bench press exclusively.
B59: Q: | C59: What is lsRPE? What’s RPE?
B60: A: | C60: lsRPE stands for ‘last set RPE’, the RPE of your very final set of a specific exercise. For information on RPE, please check the tab ‘RPE’.
B62: ADJUSTMENTS
B64: Q: | C64: What if I miss reps?
B65: A: | C65: We’ve planned approaches such that most athletes shouldn’t miss reps if you check your recovery boxes (sleep, adequate calories, adequate protein intake) and use appropriate 1 rep maxes. If you happen to miss reps for any reason, don’t panic. Simply move forward with the program as if it never happened. If it becomes a recurring issue, you may need to adjust loads. This is normal and part of the individualization of the training process.
B67: Q: | C67: What if I overshoot my RPE?
B68: A: | C68: Again, don’t panic. As you learn to use RPE, you will overshoot RPE sometimes and undershoot other times. Just make a mental note and aim to be more accurate in the future. If it’s a regular problem, you may ask yourself why you feel the need to overshoot RPE. Do you not trust the training approach? Are you having a hard time gauging effort? Are you just ego lifting? Getting to the root of this issue will make you a better lifter overall.
B70: Q: | C70: What if I can't do the required number of pullups?
B71: A: | C71: Hey, you and me both lmao (it's Bryce). Either aim for assisted pullups using a band or lat pulldown if you can't string together sets of 5 pullups. If you CAN string together sets of 5, simply take your time and complete the required repetitions.
B73: Q: | C73: Can I add anything?
B74: A: | C74: We think the program as-is is a good place to be for intermediate powerlifters. If you feel the need or desire to add something, just make sure that it makes sense in the grand scheme of things. If you’re a bodybuilder or care about complete growth and not just your squat, bench, and deadlift 1RMs, you may consider adding direct calf work, direct hamstring work, and potentially more direct shoulder work. Just more work in general. Proceed with caution with a combined powerlifting/bodybuilding approach. If you think you need more volume as a powerlifting athlete, we'd strongly caution against adding training volume unless you have good reasons.
B76: Q: | C76: What if I have to miss a session/get behind?
B77: A: | C77: If you’re running this approach into a competition, you obviously need to make adjustments to make sure the peak lines up with your competition date. Consider either condensing training into more training sessions per week. In the event that you were sick or needed to miss many sessions, simply resume where you can to stay on track. There is no one right answer here--it’s all training stimulus. If you don’t have a competition scheduled and are just running the base approach, just pick up where you left off and allow the program to be a little longer than expected.
B79: Q: | C79: How hard should each week be?
B80: A: | C80: This is difficult to say because each athlete responds differently to training, and we’re creating one training approach for many athletes. Generally speaking, most weeks early on will be in the RPE 6-8 range, including the main lifts. It’s usually the case that training actually gets easier after the first week or two as you adapt to a new training split and the repeated bout effect (RBE) takes effect.
... B83: A: | C83: The seriousness of the injury dictates the response to the injury. If you can work around movement restrictions or pain with exercise substitutions, dropping the load, allowing for more rest between exposures or other modifications, please do that! If the injury feels more severe, don’t train through pain. Limit painful movements, work with a trained professional on your recovery so that you can come back stronger. There’s a lot of potential advice here that is only on a case-by-case basis because each situation is unique.
B85: PERFORMANCE
B88: Q: | C88: How long should I rest between sets?
B89: A: | C89: As much rest as you need. The literature is pretty clear that limiting rests to any degree dampens performance and strength adaptation. All bodily systems relevant to strength performance are recovered in 2-5 minutes, so this is a good window. However, take as much rest as you need, so long as you can complete your training. If you’re just scrolling instagram/facebook between sets, this can easily climb to 10 minutes. Moderating this is a quick way to reduce the length of your workouts.
B91: Q: | C91: When should I rest?
B92: A: | C92: Rest in between each set.
B94: Q: | C94: Are the deadlifts sumo or conventional?
B95: A: | C95: Choose your main stance for the deadlift.
B97: Q: | C97: When should I use my belt?
B98: A: | C98: Use your belt on any main sets that warrant its use. You will probably be best served adding the belt at some point in your warmups leading into your working sets. Using the belt is as much a skill as it is an aid to safety and lifting strength. As such, we want to get better at the skill of bracing into the belt. That takes practice. As a general guide, anything above 65-70% is fair game for using your belt. You probably don’t need to wear the belt on bench press.
B100: WHAT'S NEXT?
B102: Q: | C102: What should I do after this program?
B103: A: | C103: If you’re having success with the training approach, keep using it! Input new 1RMs and continue the approach. Every few times you run this training cycle, you should switch to the TSA Intermediate 1.0 to reduce overall loading. Every few times you run this training cycle, you can swap out leg press/hack squat for a unilateral lower body movement like DB Walking Lunges, Bulgarian Split Squat, Single Leg Press, etc. You can also add in direct glute, tricep, antirotation, hamstring, or bicep work.
C104: For some athletes, the training approach is too generic after the first or second time. If you need more attention and customization, we work one-on-one with athletes providing them the coaching they need to not only make progress, but continue enjoying powerlifting for years to come. Email us and we’ll be happy to discuss the continuation of your training as a completely customized level.
E106: =HYPERLINK("mailto:support@thestrengthathlete.com","EMAIL US") -> EMAIL US

Sheet Personal Info
A3: List of Squat | C3: List of Bench | E3: List of Deadlift
A4: SQ | B4: {=IF(A4:A108="",,"sq")} -> sq | C4: bn | D4: {=IF(C4:C108="",,"bn")} -> bn | E4: dl | F4: {=IF(E4:E108="",,"dl")} -> dl
A5: sq | B5: sq | C5: BN | D5: bn | E5: DL | F5: dl | K5: UNIT OF MEASURE | L5: lbs
A6: Leg Press | B6: sq | C6: Bananas | D6: bn | E6: Deadlift | F6: dl
A7: Squat | B7: sq | C7: Bench Press | D7: bn | E7: Sumo Deadlift | F7: dl | K7: CURRENT
A8: Front Squat | B8: sq | C8: 3:1:0 Tempo Bench | D8: bn | E8: Deadlift | F8: dl
A9: squat | B9: sq | C9: Bench | D9: bn | E9: Comp Deadlit | F9: dl | K9: DATE | L9: WEIGHT | M9: X REPS | O9: SQUAT | P9: WEIGHT | Q9: X REPS | S9: BENCH | T9: WEIGHT | U9: X REPS | W9: DEADLIFT
A10: Comp Squat | B10: sq | C10: Bench | D10: bn | E10: Competition Deadlift | F10: dl | K10: =IFERROR(__xludf.DUMMYFUNCTION("FILTER(K15:W21,K15:K21=MAX(K15:K21))"),46109.0) -> 46109 | L10: =IFERROR(__xludf.DUMMYFUNCTION("""COMPUTED_VALUE"""),200.0) -> 200 | M10: =IFERROR(__xludf.DUMMYFUNCTION("""COMPUTED_VALUE"""),1.0) -> 1 | N10: =IFERROR(__xludf.DUMMYFUNCTION("""COMPUTED_VALUE"""),10.0) -> 10 | O10: =IFERROR(__xludf.DUMMYFUNCTION("""COMPUTED_VALUE"""),200.0) -> 200 | P10: =IFERROR(__xludf.DUMMYFUNCTION("""COMPUTED_VALUE"""),120.0) -> 120 | Q10: =IFERROR(__xludf.DUMMYFUNCTION("""COMPUTED_VALUE"""),1.0) -> 1 | R10: =IFERROR(__xludf.DUMMYFUNCTION("""COMPUTED_VALUE"""),10.0) -> 10 | S10: =IFERROR(__xludf.DUMMYFUNCTION("""COMPUTED_VALUE"""),120.0) -> 120 | T10: =IFERROR(__xludf.DUMMYFUNCTION("""COMPUTED_VALUE"""),220.0) -> 220 | U10: =IFERROR(__xludf.DUMMYFUNCTION("""COMPUTED_VALUE"""),1.0) -> 1 | V10: =IFERROR(__xludf.DUMMYFUNCTION("""COMPUTED_VALUE"""),9.5) -> 9.5 | W10: =IFERROR(__xludf.DUMMYFUNCTION("""COMPUTED_VALUE"""),224.94887525562373) -> 224.94888
A11: Squat | B11: sq | C11: Bench Press | D11: bn | E11: Comp Stance Deadlift | F11: dl
A12: Barbell Squat | B12: sq | C12: Paused Bench | D12: bn | E12: Competition Stance Deadlift | F12: dl | K12: PREVIOUS
A13: Paused Squat | B13: sq | C13: Pause Bench | D13: bn | E13: Conv Deadlift | F13: dl
A14: Paused Squat, 2ct | B14: sq | C14: Pause Bench Press | D14: bn | E14: Conventional Deadlift | F14: dl | K14: DATE | L14: WEIGHT | M14: X REPS | N14: RPE | O14: SQUAT | P14: WEIGHT | Q14: X REPS | R14: RPE | S14: BENCH | T14: WEIGHT | U14: X REPS | V14: RPE | W14: DEADLIFT
A15: Paused Squat, 2 count | B15: sq | C15: Paused Bench Press | D15: bn | E15: Sumo Deadlift | F15: dl | J15: 1 | K15: =TODAY() -> 46109 | L15: 200 | M15: 1 | N15: 10 | O15: {=IF(ISBLANK(L15:L21),"",L15:L21/IF(ISBLANK(N15:N21),(1.0278-(0.0278*M15:M21)),IFERROR(VLOOKUP(N15:N21*1,_rpe,M15:M21+1,0),1)))} -> 200 | P15: 120 | Q15: 1 | R15: 10 | S15: {=IF(ISBLANK(P15:P21),"",P15:P21/IF(ISBLANK(R15:R21),(1.0278-(0.0278*Q15:Q21)),IFERROR(VLOOKUP(R15:R21*1,_rpe,Q15:Q21+1,0),1)))} -> 120 | T15: 220 | U15: 1 | V15: 9.5 | W15: {=IF(ISBLANK(T15:T21),"",T15:T21/IF(ISBLANK(V15:V21),(1.0278-(0.0278*U15:U21)),IFERROR(VLOOKUP(V15:V21*1,_rpe,U15:U21+1,0),1)))} -> 224.94888
A16: Squat w/ Belt | B16: sq | C16: Paused Bench, 2ct | D16: bn | E16: Sumo DL | F16: dl | J16: 2
A17: Beltless Squat | B17: sq | C17: Paused Bench, 2 count | D17: bn | E17: Conv DL | F17: dl | J17: 3
A18: Squat Walkout | B18: sq | C18: Pause Bench, 2ct | D18: bn | E18: Conventional DL | F18: dl | J18: 4
A19: Front Squat | B19: sq | C19: Paused Bench, 2 count | D19: bn | E19: Block Pull | F19: dl | J19: 5
A20: SSB Squat | B20: sq | C20: Spoto Press | D20: bn | E20: Rack Pull | F20: dl | J20: 6
A21: Safety Bar Squat | B21: sq | C21: Larsen Press | D21: bn | E21: Snatch Grip Deadlift | F21: dl | J21: 7
A22: Squat w/Bands | B22: sq | C22: 2-board Press | D22: bn | E22: Deficit DL | F22: dl
A23: Squat with Bands | B23: sq | C23: Close Grip Bench Press | D23: bn | E23: Deficit Deadlift | F23: dl | K23: NUTRITION/BASICS | P23: MACROS
A24: Squat w/Chains | B24: sq | C24: CGBP | D24: bn | E24: Deficit Deadlift, 2" | F24: dl
A25: Squat with Chains | B25: sq | C25: 1-board Press | D25: bn | E25: Deficit Deadlift, 4" | F25: dl | K25: START OF TRAINING | L25: =TODAY() -> 46109 | P25: DAY | Q25: FAT | R25: CARBS | S25: PROTEIN | T25: CALORIES
A26: Box Squat | B26: sq | C26: Bench Press w/board | D26: bn | E26: Deficit Deadlift, 6" | F26: dl | K26: FIRST NAME | L26: First | P26: HIGH CALORIE DAYS | Q26: =Q27-Q28&"-"&Q27+Q28&"g" -> -5-5g | R26: =R27-R28&"-"&R27+R28&"g" -> #NUM! | S26: =S27-S28&"-"&S27+S28&"g" -> 170-190g | T26: =((R27-R28)*4+(S27-S28)*4+(Q27-Q28)*9&" - "&((R27+R28)*4+(S27+S28)*4+(Q27+Q28)*9)&" kcals") -> #NUM!
A27: Smith Machine Squat | B27: sq | C27: Incline Bench | D27: bn | E27: Deadlift to Knees | F27: dl | K27: LAST NAME | L27: Last | P27: EXACT | Q27: ='Personal Info'!L50 -> 0 | R27: ='Personal Info'!L51 -> #NUM! | S27: ='Personal Info'!L52 -> 180 | T27: =R27*4+S27*4+Q27*9 -> #NUM!
A28: Front Box Squat | B28: sq | C28: Decline Bench | D28: bn | E28: Deadlift to Knees + Finish | F28: dl | K28: HEIGHT | L28: 5'6" | P28: WINDOW | Q28: 5 | R28: 10 | S28: 10
A29: Double Paused Squat | B29: sq | C29: DB Bench | D29: bn | E29: Deadlift w/ 2 Pauses | F29: dl | K29: AGE | L29: 18 | P29: LOW CALORIE DAYS | Q29: =IF(Q30-Q31<0, 0, Q30-Q31&"-"&Q30+Q31&"g") -> 0 | R29: =IF(R30-R31<0,0,R30-R31&"-"&R30+R31&"g") -> 0 | S29: =IF(S30-S31<0,0,S30-S31&"-"&S30+S31&"g") -> 0 | T29: =IF((R30-R31)*4+(S30-S31)*4+(Q30-Q31)*9<0,0,((R30-R31)*4+(S30-S31)*4+(Q30-Q31)*9&" - "&((R30+R31)*4+(S30+S31)*4+(Q30+Q31)*9)&" kcals")) -> 0
A30: Dbl Paused Squat | B30: sq | C30: Incline DB Bench | D30: bn | E30: Deadlift w/chains | F30: dl | K30: STARTING BW | L30: 180 | P30: EXACT | Q30: ='Personal Info'!L55 -> 0 | R30: ='Personal Info'!L56 -> 0 | S30: ='Personal Info'!L57 -> 0 | T30: =R30*4+S30*4+Q30*9 -> 0
A31: Slow Squat | B31: sq | C31: Decline DB Bench | D31: bn | E31: Deadlift w/ Chains | F31: dl | K31: MAINTENANCE KCALS | L31: =IFERROR(IF(_uom="lbs",L30,L30*2.20462)*10*L33, "enter here or activity level") -> 2700 | P31: WINDOW | Q31: 5 | R31: 10 | S31: 10
A32: Competition Squat | B32: sq | C32: Push Up | D32: bn | E32: Deadlift with chains | F32: dl | K32: ACTIVITY LEVEL | L32: Lightly active plus 3-6 days of weight lifting
A33: High Bar Squat | B33: sq | C33: Pushup | D33: bn | E33: Deadlift w/bands | F33: dl | K33: ="RANGE: "&IF(L32=Home!T44,"1.3 - 1.6", IF(L32=Home!T45, "1.5 - 1.8", IF(L32=Home!T46, "1.7 - 2.0", IF(L32=Home!T47,"1.9 - 2.2","n/a")))) -> RANGE: 1.5 - 1.8 | L33: 1.5
A34: Low Bar Squat | B34: sq | C34: Weighted pushup | D34: bn | E34: Deadlift with bands | F34: dl | K34: SEX | L34: SELECT
A35: Zercher Squat | B35: sq | C35: Weighted Push Up | D35: bn | E35: Romanian Deadlift | F35: dl | K35: BF% | L35: Select here
A36: Pin Squat | B36: sq | C36: Floor Press | D36: bn | E36: RDL | F36: dl | K36: LEAN GAIN OR CUT? | L36: select here | P36: CARDIO
A37: Squat to Pins | B37: sq | C37: DB Floor Press | D37: bn | E37: SLDL | F37: dl | K37: =IF(L36="Lean gain","NOVICE, INT, OR ADVANCED?", IF(L36="Cutting phase", "RATE OF WEIGHT LOSS","CHOOSE LEAN GAIN OR CUT ABOVE")) -> CHOOSE LEAN GAIN OR CUT ABOVE | L37: Select here
A38: Paused High Bar Squat | B38: sq | C38: Bench over Foam | D38: bn | E38: Stiff Legged Deadlift | F38: dl | Q38: SESSIONS/WK | R38: KCAL/SESSION | S38: TOTAL KCAL/WK | T38: eKCALS/10 MINS
A39: Paused Front Squat | B39: sq | C39: Slow Bench | D39: bn | E39: Sumo Block Pull | F39: dl | K39: =IF(L36="Cutting phase", "# REFEEDS: (RECOMMEND "&IF(L36="Select here", "",IF(L36="Lean gain","", IF(OR(AND(L34="Male",L35>=0.2),AND(L34="Female",L35>=0.28)), 1, IF(OR(AND(L34="Male",L35>=0.12,L35<=0.19),AND(L34="Female",L35>=0.2,L35<=0.27)), 2, IF(OR(AND(L34="Male",L35<0.12),AND(L34="Female",L35<0.2)), 3, "")))))&")", "HIGH DAYS?") -> HIGH DAYS? | P39: LISS | S39: =Q39*R39 -> 0 | T39: {=MROUND(INDEX(Home!E22:E108,COUNTA(Home!E22:E108),1)*0.2,5)&"-"&MROUND(INDEX(Home!E22:E108,COUNTA(Home!E22:E108),1)*0.45,5)} -> 0-0
A40: Tempo Squat (3:1:3) | B40: sq | C40: Reverse Grip Bench | D40: bn | E40: 1 + 1/2 Deadlift | F40: dl | K40: =IF(L36="Lean gain", "DAILY KCALS:", IF(L36="Cutting phase","LOW DAY KCALS:", "")) | L40: =IFERROR(IF(L36="Select here","", IF(L36="Lean gain", L31+IF(L37=Home!T32,(IF(_uom="lbs",L30,L30*2.20462)*0.015*3500)/4/7,IF(L37=Home!T33,(IF(_uom="lbs",L30,L30*2.20462)*0.01*3500)/4/7,IF(L37=Home!T34,(IF(_uom="lbs",L30,L30*2.20462)*0.005*3500)/4/7))), L31 - (3500 * IF(_uom="lbs",L30,L30*2.20462)*IF(L37=Home!T38, 0.01, IF(L37=Home!T39, 0.0075, IF(L37=Home!T40, 0.005, "bananas")))) / (7-L39))), "") | P40: HIIT | R40: #intervals: | T40: {=MROUND(INDEX(Home!E22:E108,COUNTA(Home!E22:E108),1)*0.45,5)&"-"&MROUND(INDEX(Home!E22:E108,COUNTA(Home!E22:E108),1)*0.7,5)} -> 0-0
A41: Tempo Squat (3:0:3) | B41: sq | C41: Bench Lockout | D41: bn | E41: Paused DL | F41: dl | K41: =IF(L36="Cutting phase", "REFEED KCALS:", IF(AND(K39="HIGH DAYS?",OR(L39="",0)),"","HIGH DAYS:")) | L41: =IF(L39=0,"",L31)
A42: Goblet Squat | B42: sq | C42: Pin Bench | D42: bn | E42: Paused Deadlift | F42: dl
A43: Squat w/ Briefs | B43: sq | C43: Bench to Pins | D43: bn | E43: Paused Deadlift, 2ct | F43: dl | K43: PROTEIN
A44: Squat w/ Wraps | B44: sq | C44: Bench w/chains | D44: bn | E44: Paused Deadlift to knees | F44: dl | K44: ="CHOOSE BTW "&IF(L36="Lean gain","0.8 - 1.0 g/lb ", IF(L36="cutting phase", "1.1 - 1.3 g/lb ", "n/a")) -> CHOOSE BTW n/a | L44: 1
A45: Squat w/ Suit + Wraps | B45: sq | C45: Wide Grip Bench | D45: bn | E45: Pause Deadlift | F45: dl
A46: Tempo Squat (2:0:0) | B46: sq | C46: TnG Bench | D46: bn | E46: Paused Deadlift, just off floor | F46: dl | K46: FAT | L46: =IF(ISNUMBER(L40),"MINIMUM: "&MROUND((IF(_uom="lbs",L30,L30*2.20462)*0.25*9)/L40*100, 0.5)&"%", "")
A47: Tempo Squat (2:1:0) | B47: sq | C47: Barbell Bench Press | D47: bn | E47: Deadlift w/ Briefs | F47: dl | K47: CHOOSE 15-40% TOTAL KCALS | L47: 25
A48: Paused SSB Squat | B48: sq | C48: Slow Bench | D48: bn | E48: Deadlift w/ Suit | F48: dl
A49: Duffalo Bar Squat | B49: sq | C49: Bench Negatives | D49: bn | E49: Deadlift w/ Pause | F49: dl | K49: =IF(AND(L39<>0,L36="lean gain"), "HIGH DAYS", "NORMAL") -> NORMAL | L49: =IF(L36="lean gain",IF(L39=0,L59,L39),L59-L39)&"/"&L59 -> 7/7
A50: Buffalo Bar Squat | B50: sq | C50: Slingshot Bench | D50: bn | E50: Paused Deadlift | F50: dl | K50: FAT | L50: =MROUND((L40*(L47/100)) /9,5) -> 0
A51: Comp Squat | B51: sq | C51: Slingshot Press | D51: bn | E51: Paused Sumo Deadlift | F51: dl | K51: CARBS | L51: =MROUND((L40-(4*L52)-(9*L50))/4,5) -> #NUM!
A52: Tempo (3:0:1) High Bar | B52: sq | C52: 2-ct Paused Bench | D52: bn | E52: Paused Sumo Deadlift, 2ct | F52: dl | K52: PROTEIN | L52: =MROUND(IF(_uom="lbs",L30,L30*2.20462)*L44,5) -> 180
C53: Close-grip Bench | D53: bn | E53: Paused Conventional Deadlift | F53: dl
C54: Pin Press | D54: bn | E54: Deadlift w/Pause | F54: dl | K54: =P29 -> LOW CALORIE DAYS | L54: =IF(L39="",0,IF(L36="cutting phase",L39,L59-L39))&"/"&L59 -> 0/7
C55: BB Inline Press | D55: bn | E55: Controlled Eccentric Deadlift | F55: dl | K55: FAT | L55: =IF(L39=0, 0,MROUND((IF(L36="lean gain",L41,L41)*(L47/100))/9,5)) -> 0
C56: DB Flat Bench | D56: bn | E56: Comp Deadlift | F56: dl | K56: CARBS | L56: =IF(L39=0, 0, MROUND((IF(L36="lean gain",L41,L41) - L50*9 - L57*4)/4,5)) -> 0
C57: Machine Horizontal Press | D57: bn | E57: Paused Sumo Deadlift | F57: dl | K57: PROTEIN | L57: =IF(L39=0, 0, MROUND(IF(_uom="lbs",L30,L30*2.20462)*L44,5)) -> 0
C58: Bench w/ Shirt | D58: bn
C59: Raw Bench | D59: bn | K59: NUTRITION MICROCYCLE (DAYS) | L59: 7
C60: T-shirt Bench Press | D60: bn
C61: Duffalo Bar Bench | D61: bn
C62: Buffalo Bar Bench | D62: bn
C63: Comp Bench Yet Again MFer | D63: bn
C64: Comp Bench | D64: bn
C65: Competition Bench | D65: bn
C66: 3 ct. Paused Bench Press | D66: bn
C67: Feet-up Bench Press | D67: bn
C68: DB Incline Bench Press | D68: bn
C69: DB Overhead Press | D69: bn
C70: Barbell Overhead Press | D70: bn
C71: DB Bench Press | D71: bn
C72: SELECT | D72: bn

Sheet Training
E2: INTRO/ACCLIMATION | S2: PROGRESS 1 | AG2: PROGRESS 2 | AU2: PROGRESS 3 | BI2: DELOAD/INTENSITY PREP | BW2: INTENSIFY/PEAK 1 | CK2: INTENSIFY/PEAK 2 | CY2: INTENSIFY/PEAK 3 | DM2: TEST/COMPETE
E3: 1 | S3: =E3+1 -> 2 | AG3: =S3+1 -> 3 | AU3: =AG3+1 -> 4 | BI3: =AU3+1 -> 5 | BW3: =BI3+1 -> 6 | CK3: =BW3+1 -> 7 | CY3: =CK3+1 -> 8 | DM3: =CY3+1 -> 9
C4: =Yearly!$G$9 -> #REF! | D4: =Yearly!$G$9+6 -> #REF! | E4: 9 WEEKS OUT, PEAK LIFT INTENSITY 5-7.5 RPE | Q4: =D4+1 -> #REF! | R4: =Q4+6 -> #REF! | S4: 8 WEEKS OUT, PEAK LIFT INTENSITY 6-8RPE | AE4: =R4+1 -> #REF! | AF4: =AE4+6 -> #REF! | AG4: 7 WEEKS OUT, PEAK LIFT INTENSITY 6-8 RPE | AS4: =AF4+1 -> #REF! | AT4: =AS4+6 -> #REF! | AU4: 6 WEEKS OUT, PEAK LIFT INTENSITY 7-8.5 RPE | BG4: =AT4+1 -> #REF! | BH4: =BG4+6 -> #REF! | BI4: 5 WEEKS OUT, PEAK LIFT INTENSITY 5-7 RPE | BU4: =BH4+1 -> #REF! | BV4: =BU4+6 -> #REF! | BW4: 4 WEEKS OUT, PEAK LIFT INTENSITY 7-8.5 RPE | CI4: =BV4+1 -> #REF! | CJ4: =CI4+6 -> #REF! | CK4: 3 WEEKS OUT, PEAK LIFT INTENSITY 8-9 RPE | CW4: =CJ4+1 -> #REF! | CX4: =CW4+6 -> #REF! | CY4: 2 WEEKS OUT, PEAK LIFT INTENSITY 8-9 RPE | DK4: =CX4+1 -> #REF! | DL4: =DK4+6 -> #REF! | DM4: TEST WEEK | IX4: =#REF!+1 -> #REF! | IY4: =IX4+6 -> #REF!
U6: 1 | V6: 1 | W6: 1 | AI6: =U$6 -> 1 | AJ6: =V$6 -> 1 | AK6: =W$6 -> 1 | AW6: =AI$6 -> 1 | AX6: =AJ$6 -> 1 | AY6: =AK$6 -> 1 | BK6: =AW$6 -> 1 | BL6: =AX$6 -> 1 | BM6: =AY$6 -> 1 | BY6: =BK$6 -> 1 | BZ6: =BL$6 -> 1 | CA6: =BM$6 -> 1 | CM6: =BY$6 -> 1 | CN6: =BZ$6 -> 1 | CO6: =CA$6 -> 1 | DA6: =CM$6 -> 1 | DB6: =CN$6 -> 1 | DC6: =CO$6 -> 1 | DO6: =DA$6 -> 1 | DP6: =DB$6 -> 1 | DQ6: =DC$6 -> 1
E7: are you male or female? | F7: SELECT | U7: =VLOOKUP(U$6,'Personal Info'!$J$15:$W$21,6) -> 200 | V7: =VLOOKUP(V$6,'Personal Info'!$J$15:$W$21,10) -> 120 | W7: =VLOOKUP(W$6,'Personal Info'!$J$15:$W$21,14) -> 224.94888 | AI7: =VLOOKUP(AI$6,'Personal Info'!$J$15:$W$21,6) -> 200 | AJ7: =VLOOKUP(AJ$6,'Personal Info'!$J$15:$W$21,10) -> 120 | AK7: =VLOOKUP(AK$6,'Personal Info'!$J$15:$W$21,14) -> 224.94888 | AW7: =VLOOKUP(AW$6,'Personal Info'!$J$15:$W$21,6) -> 200 | AX7: =VLOOKUP(AX$6,'Personal Info'!$J$15:$W$21,10) -> 120 | AY7: =VLOOKUP(AY$6,'Personal Info'!$J$15:$W$21,14) -> 224.94888 | BK7: =VLOOKUP(BK$6,'Personal Info'!$J$15:$W$21,6) -> 200 | BL7: =VLOOKUP(BL$6,'Personal Info'!$J$15:$W$21,10) -> 120 | BM7: =VLOOKUP(BM$6,'Personal Info'!$J$15:$W$21,14) -> 224.94888 | BY7: =VLOOKUP(BY$6,'Personal Info'!$J$15:$W$21,6) -> 200 | BZ7: =VLOOKUP(BZ$6,'Personal Info'!$J$15:$W$21,10) -> 120 | CA7: =VLOOKUP(CA$6,'Personal Info'!$J$15:$W$21,14) -> 224.94888 | CM7: =VLOOKUP(CM$6,'Personal Info'!$J$15:$W$21,6) -> 200 | CN7: =VLOOKUP(CN$6,'Personal Info'!$J$15:$W$21,10) -> 120 | CO7: =VLOOKUP(CO$6,'Personal Info'!$J$15:$W$21,14) -> 224.94888 | DA7: =VLOOKUP(DA$6,'Personal Info'!$J$15:$W$21,6) -> 200 | DB7: =VLOOKUP(DB$6,'Personal Info'!$J$15:$W$21,10) -> 120 | DC7: =VLOOKUP(DC$6,'Personal Info'!$J$15:$W$21,14) -> 224.94888 | DP7: =VLOOKUP(DP$6,'Personal Info'!$J$15:$W$21,10) -> 120 | DQ7: =VLOOKUP(DQ$6,'Personal Info'!$J$15:$W$21,14) -> 224.94888
C9: label | D9: date | E9: Day 1 | F9: sets | G9: reps | H9: intensity | I9: load | J9: e1RM | L9: lsRPE | M9: e1RM | N9: notes | Q9: label | R9: date | S9: Day 1 | T9: sets | U9: reps | V9: intensity | W9: load | X9: e1RM | Z9: lsRPE | AA9: e1RM | AB9: notes | AE9: label | AF9: date | AG9: Day 1 | AH9: sets | AI9: reps | AJ9: intensity | AK9: load | AL9: e1RM | AN9: lsRPE | AO9: e1RM | AP9: notes | AS9: label | AT9: date | AU9: Day 1 | AV9: sets | AW9: reps | AX9: intensity | AY9: load | AZ9: e1RM | BB9: lsRPE | BC9: e1RM | BD9: notes | BG9: label | BH9: date | BI9: Day 1 | BJ9: sets | BK9: reps | BL9: intensity | BM9: load | BN9: e1RM | BP9: lsRPE | BQ9: e1RM | BR9: notes | BU9: label | BV9: date | BW9: Day 1 | BX9: sets | BY9: reps | BZ9: intensity | CA9: load | CB9: e1RM | CD9: lsRPE | CE9: e1RM | CF9: notes | CI9: label | CJ9: date | CK9: Day 1 | CL9: sets | CM9: reps | CN9: intensity | CO9: load | CP9: e1RM | CR9: lsRPE | CS9: e1RM | CT9: notes | CW9: label | CX9: date | CY9: Day 1 | CZ9: sets | DA9: reps | DB9: intensity | DC9: load | DD9: e1RM | DF9: lsRPE | DG9: e1RM | DH9: notes | DK9: label | DL9: date | DM9: Day 1 | DN9: sets | DO9: reps | DP9: intensity | DQ9: load | DR9: e1RM | DT9: lsRPE | DU9: e1RM | DV9: notes | IX9: label | IY9: date
B10: SQ 1: hypertrophy | C10: =IFERROR(__xludf.DUMMYFUNCTION("ARRAYFORMULA(IF(ISBLANK(E10:E210),"""", IF(ISNA(LOOKUP(ROW(E10:E210),FILTER(ROW(E10:E210),LEN(E10:E210)>1),VLOOKUP(FILTER(E10:E210,LEN(E10:E210)>1),{'Personal Info'!$A:$B;'Personal Info'!$C:$D;'Personal Info'!$E:$F},2,FALSE))), ""ac"" , LOOKUP(ROW(E10:E21"&"0),FILTER(ROW(E10:E210),LEN(E10:E210)>1),VLOOKUP(FILTER(E10:E210,LEN(E10:E210)>1),{'Personal Info'!$A:$B;'Personal Info'!$C:$D;'Personal Info'!$E:$F},2,FALSE)))))"),"sq") -> sq | D10: {=IF(WEEKDAY(progdt)=1, progdt+1, progdt +2-MOD(WEEKDAY(progdt),7))*ROW(INDIRECT("A1:A190"))^0} -> 46111 | E10: Competition Squat | F10: 1 | G10: 3 | H10: 80 | I10: {=IFERROR(IF(C10="ac"+ISNUMBER(SEARCH("'",H10))+G10="","", MROUND(SWITCH(C10,"sq",'Personal Info'!$O$15,"bn",'Personal Info'!$S$15,"dl",'Personal Info'!$W$15,"")*IF(H10>10, H10/100, VLOOKUP(H10, _rpe,SUBSTITUTE(G10,"+","")+1,0)), IF( SWITCH(C10:C210,"sq",'Personal Info'!$O$15,"bn",'Personal Info'!$S$15,"dl", 'Personal Info'!$W$15,"")< IF(_uom="lbs", 175, 80), 1.25, IF(_uom="lbs",5,2.5)))),"")} -> 160 | J10: {=IF(C10:C210="",,IFERROR(I10:I210/VLOOKUP(L10:L210, _rpe,SUBSTITUTE(G10:G210,"+","")+1,FALSE)*1,""))} | M10: =IFERROR(__xludf.DUMMYFUNCTION("IF(I10=MAX(FILTER(I$10:I$199,LOOKUP(ROW(C$10:C$199),FILTER(ROW(C$10:C$199),C$10:C$199<>C$9:C$198))=LOOKUP(ROW(C10),FILTER(ROW(C$10:C$199),C$10:C$199<>C$9:C$198)))),J10,)"),"") | P10: =IF(ISBLANK(B10),"",B10) -> SQ 1: hypertrophy | Q10: =IFERROR(__xludf.DUMMYFUNCTION("ARRAYFORMULA(IF(S10:S210="""","""", IF(ISNA(LOOKUP(ROW(S10:S210),FILTER(ROW(S10:S210),LEN(S10:S210)>1),VLOOKUP(FILTER(S10:S210,LEN(S10:S210)>1),{'Personal Info'!$A:$B;'Personal Info'!$C:$D;'Personal Info'!$E:$F},2,FALSE))), ""ac"" , LOOKUP(ROW(S10:S210),F"&"ILTER(ROW(S10:S210),LEN(S10:S210)>1),VLOOKUP(FILTER(S10:S210,LEN(S10:S210)>1),{'Personal Info'!$A:$B;'Personal Info'!$C:$D;'Personal Info'!$E:$F},2,FALSE)))))"),"sq") -> sq | R10: {=(D10+7)*ROW(INDIRECT("A1:A190"))^0} -> 46118 | S10: =IF(ISBLANK(E10),"",E10) -> Competition Squat | T10: 1 | U10: =IF( OR(ISBLANK(G10),G10=""),"", G10) -> 3 | V10: 82 | W10: {=IFERROR(IF(Q10="ac"+ISNUMBER(SEARCH("'",V10))+U10="","", IF(ISNUMBER(SEARCH("lw",V10)), I10 + SUBSTITUTE(V10,"lw+",""), MROUND(SWITCH(Q10,"sq",U$7,"bn",V$7,"dl",W$7,"")*IF(V10>10, V10/100, VLOOKUP(V10, _rpe,SUBSTITUTE(U10,"+","")+1,0)), IF( SWITCH(Q10,"sq",U$7,"bn",V$7,"dl", W$7,"")< IF(_uom="lbs", 175, 80), 1.25, IF(_uom="lbs",5,2.5))))), "")} -> 165 | X10: {=IF(Q10:Q210="",,IFERROR(W10:W210/VLOOKUP(Z10:Z210, _rpe,SUBSTITUTE(U10:U210,"+","")+1,FALSE)*1,""))} | AA10: =IFERROR(__xludf.DUMMYFUNCTION("IF(W10=MAX(FILTER(W$10:W$199,LOOKUP(ROW(Q$10:Q$199),FILTER(ROW(Q$10:Q$199),Q$10:Q$199<>Q$9:Q$198))=LOOKUP(ROW(Q10),FILTER(ROW(Q$10:Q$199),Q$10:Q$199<>Q$9:Q$198)))),X10,)"),"") | AD10: =IF(ISBLANK(P10),"",P10) -> SQ 1: hypertrophy | AE10: =IFERROR(__xludf.DUMMYFUNCTION("ARRAYFORMULA(IF(AG10:AG210="""","""", IF(ISNA(LOOKUP(ROW(AG10:AG210),FILTER(ROW(AG10:AG210),LEN(AG10:AG210)>1),VLOOKUP(FILTER(AG10:AG210,LEN(AG10:AG210)>1),{'Personal Info'!$A:$B;'Personal Info'!$C:$D;'Personal Info'!$E:$F},2,FALSE))), ""ac"" , LOOKUP(ROW"&"(AG10:AG210),FILTER(ROW(AG10:AG210),LEN(AG10:AG210)>1),VLOOKUP(FILTER(AG10:AG210,LEN(AG10:AG210)>1),{'Personal Info'!$A:$B;'Personal Info'!$C:$D;'Personal Info'!$E:$F},2,FALSE)))))"),"sq") -> sq | AF10: {=(R10+7)*ROW(INDIRECT("A1:A190"))^0} -> 46125 | AG10: =IF(ISBLANK(S10),"",S10) -> Competition Squat | AH10: =IF(ISBLANK(T10),"",T10) -> 1 | AI10: =IF( OR(ISBLANK(U10),U10=""),"", U10) -> 3 | AJ10: 84 | AK10: {=IFERROR(IF(AE10="ac"+ISNUMBER(SEARCH("'",AJ10))+AI10="","", IF(ISNUMBER(SEARCH("lw",AJ10)), W10 + SUBSTITUTE(AJ10,"lw+",""), MROUND(SWITCH(AE10,"sq",AI$7,"bn",AJ$7,"dl",AK$7,"")*IF(AJ10>10, AJ10/100, VLOOKUP(AJ10, _rpe,SUBSTITUTE(AI10,"+","")+1,0)), IF( SWITCH(AE10,"sq",AI$7,"bn",AJ$7,"dl", AK$7,"")< IF(_uom="lbs", 175, 80), 1.25, IF(_uom="lbs",5,2.5))))), "")} -> 170 | AL10: {=IF(AE10:AE210="",,IFERROR(AK10:AK210/VLOOKUP(AN10:AN210, _rpe,SUBSTITUTE(AI10:AI210,"+","")+1,FALSE)*1,""))} | AO10: =IFERROR(__xludf.DUMMYFUNCTION("IF(AK10=MAX(FILTER(AK$10:AK$199,LOOKUP(ROW(AE$10:AE$199),FILTER(ROW(AE$10:AE$199),AE$10:AE$199<>AE$9:AE$198))=LOOKUP(ROW(AE10),FILTER(ROW(AE$10:AE$199),AE$10:AE$199<>AE$9:AE$198)))),AL10,)"),"") | AR10: =IF(ISBLANK(AD10),"",AD10) -> SQ 1: hypertrophy | AS10: =IFERROR(__xludf.DUMMYFUNCTION("ARRAYFORMULA(IF(AU10:AU210="""","""", IF(ISNA(LOOKUP(ROW(AU10:AU210),FILTER(ROW(AU10:AU210),LEN(AU10:AU210)>1),VLOOKUP(FILTER(AU10:AU210,LEN(AU10:AU210)>1),{'Personal Info'!$A:$B;'Personal Info'!$C:$D;'Personal Info'!$E:$F},2,FALSE))), ""ac"" , LOOKUP(ROW"&"(AU10:AU210),FILTER(ROW(AU10:AU210),LEN(AU10:AU210)>1),VLOOKUP(FILTER(AU10:AU210,LEN(AU10:AU210)>1),{'Personal Info'!$A:$B;'Personal Info'!$C:$D;'Personal Info'!$E:$F},2,FALSE)))))"),"sq") -> sq | AT10: {=(AF10+7)*ROW(INDIRECT("A1:A190"))^0} -> 46132 | AU10: =IF(ISBLANK(AG10),"",AG10) -> Competition Squat | AV10: =IF(ISBLANK(AH10),"",AH10) -> 1 | AW10: =IF( OR(ISBLANK(AI10),AI10=""),"", AI10) -> 3 | AX10: 86 | AY10: {=IFERROR(IF(AS10="ac"+ISNUMBER(SEARCH("'",AX10))+AW10="","", IF(ISNUMBER(SEARCH("lw",AX10)), AK10 + SUBSTITUTE(AX10,"lw+",""), MROUND(SWITCH(AS10,"sq",AW$7,"bn",AX$7,"dl",AY$7,"")*IF(AX10>10, AX10/100, VLOOKUP(AX10, _rpe,SUBSTITUTE(AW10,"+","")+1,0)), IF( SWITCH(AS10,"sq",AW$7,"bn",AX$7,"dl", AY$7,"")< IF(_uom="lbs", 175, 80), 1.25, IF(_uom="lbs",5,2.5))))), "")} -> 170 | AZ10: {=IF(AS10:AS210="",,IFERROR(AY10:AY210/VLOOKUP(BB10:BB210, _rpe,SUBSTITUTE(AW10:AW210,"+","")+1,FALSE)*1,""))} | BC10: =IFERROR(__xludf.DUMMYFUNCTION("IF(AY10=MAX(FILTER(AY$10:AY$199,LOOKUP(ROW(AS$10:AS$199),FILTER(ROW(AS$10:AS$199),AS$10:AS$199<>AS$9:AS$198))=LOOKUP(ROW(AS10),FILTER(ROW(AS$10:AS$199),AS$10:AS$199<>AS$9:AS$198)))),AZ10,)"),"") | BF10: =IF(ISBLANK(AR10),"",AR10) -> SQ 1: hypertrophy | BG10: =IFERROR(__xludf.DUMMYFUNCTION("ARRAYFORMULA(IF(BI10:BI210="""","""", IF(ISNA(LOOKUP(ROW(BI10:BI210),FILTER(ROW(BI10:BI210),LEN(BI10:BI210)>1),VLOOKUP(FILTER(BI10:BI210,LEN(BI10:BI210)>1),{'Personal Info'!$A:$B;'Personal Info'!$C:$D;'Personal Info'!$E:$F},2,FALSE))), ""ac"" , LOOKUP(ROW"&"(BI10:BI210),FILTER(ROW(BI10:BI210),LEN(BI10:BI210)>1),VLOOKUP(FILTER(BI10:BI210,LEN(BI10:BI210)>1),{'Personal Info'!$A:$B;'Personal Info'!$C:$D;'Personal Info'!$E:$F},2,FALSE)))))"),"sq") -> sq | BH10: {=(AT10+7)*ROW(INDIRECT("A1:A190"))^0} -> 46139 | BI10: =IF(ISBLANK(AU10),"",AU10) -> Competition Squat | BJ10: 3 | BK10: 5 | BL10: 73 | BM10: {=IFERROR(IF(BG10="ac"+ISNUMBER(SEARCH("'",BL10))+BK10="","", IF(ISNUMBER(SEARCH("lw",BL10)), AY10 + SUBSTITUTE(BL10,"lw+",""), MROUND(SWITCH(BG10,"sq",BK$7,"bn",BL$7,"dl",BM$7,"")*IF(BL10>10, BL10/100, VLOOKUP(BL10, _rpe,SUBSTITUTE(BK10,"+","")+1,0)), IF( SWITCH(BG10,"sq",BK$7,"bn",BL$7,"dl", BM$7,"")< IF(_uom="lbs", 175, 80), 1.25, IF(_uom="lbs",5,2.5))))), "")} -> 145 | BN10: {=IF(BG10:BG210="",,IFERROR(BM10:BM210/VLOOKUP(BP10:BP210, _rpe,SUBSTITUTE(BK10:BK210,"+","")+1,FALSE)*1,""))} | BQ10: =IFERROR(__xludf.DUMMYFUNCTION("IF(BM10=MAX(FILTER(BM$10:BM$199,LOOKUP(ROW(BG$10:BG$199),FILTER(ROW(BG$10:BG$199),BG$10:BG$199<>BG$9:BG$198))=LOOKUP(ROW(BG10),FILTER(ROW(BG$10:BG$199),BG$10:BG$199<>BG$9:BG$198)))),BN10,)"),"") | BT10: =IF(ISBLANK(BF10),"",BF10) -> SQ 1: hypertrophy | BU10: =IFERROR(__xludf.DUMMYFUNCTION("ARRAYFORMULA(IF(BW10:BW210="""","""", IF(ISNA(LOOKUP(ROW(BW10:BW210),FILTER(ROW(BW10:BW210),LEN(BW10:BW210)>1),VLOOKUP(FILTER(BW10:BW210,LEN(BW10:BW210)>1),{'Personal Info'!$A:$B;'Personal Info'!$C:$D;'Personal Info'!$E:$F},2,FALSE))), ""ac"" , LOOKUP(ROW"&"(BW10:BW210),FILTER(ROW(BW10:BW210),LEN(BW10:BW210)>1),VLOOKUP(FILTER(BW10:BW210,LEN(BW10:BW210)>1),{'Personal Info'!$A:$B;'Personal Info'!$C:$D;'Personal Info'!$E:$F},2,FALSE)))))"),"sq") -> sq | BV10: {=(BH10+7)*ROW(INDIRECT("A1:A190"))^0} -> 46146 | BW10: =IF(ISBLANK(BI10),"",BI10) -> Competition Squat | BX10: 1 | BY10: 1 | BZ10: @6.5 | CA10: {=IFERROR(IF(BU10="ac"+ISNUMBER(SEARCH("'",BZ10))+BY10="","", IF(ISNUMBER(SEARCH("lw",BZ10)), BM10 + SUBSTITUTE(BZ10,"lw+",""), MROUND(SWITCH(BU10,"sq",BY$7,"bn",BZ$7,"dl",CA$7,"")*IF(BZ10>10, BZ10/100, VLOOKUP(BZ10, _rpe,SUBSTITUTE(BY10,"+","")+1,0)), IF( SWITCH(BU10,"sq",BY$7,"bn",BZ$7,"dl", CA$7,"")< IF(_uom="lbs", 175, 80), 1.25, IF(_uom="lbs",5,2.5))))), "")} | CB10: {=IF(BU10:BU210="",,IFERROR(CA10:CA210/VLOOKUP(CD10:CD210, _rpe,SUBSTITUTE(BY10:BY210,"+","")+1,FALSE)*1,""))} | CE10: =IFERROR(__xludf.DUMMYFUNCTION("IF(CA10=MAX(FILTER(CA$10:CA$199,LOOKUP(ROW(BU$10:BU$199),FILTER(ROW(BU$10:BU$199),BU$10:BU$199<>BU$9:BU$198))=LOOKUP(ROW(BU10),FILTER(ROW(BU$10:BU$199),BU$10:BU$199<>BU$9:BU$198)))),CB10,)"),"") | CH10: =IF(ISBLANK(BT10),"",BT10) -> SQ 1: hypertrophy | CI10: =IFERROR(__xludf.DUMMYFUNCTION("ARRAYFORMULA(IF(CK10:CK210="""","""", IF(ISNA(LOOKUP(ROW(CK10:CK210),FILTER(ROW(CK10:CK210),LEN(CK10:CK210)>1),VLOOKUP(FILTER(CK10:CK210,LEN(CK10:CK210)>1),{'Personal Info'!$A:$B;'Personal Info'!$C:$D;'Personal Info'!$E:$F},2,FALSE))), ""ac"" , LOOKUP(ROW"&"(CK10:CK210),FILTER(ROW(CK10:CK210),LEN(CK10:CK210)>1),VLOOKUP(FILTER(CK10:CK210,LEN(CK10:CK210)>1),{'Personal Info'!$A:$B;'Personal Info'!$C:$D;'Personal Info'!$E:$F},2,FALSE)))))"),"sq") -> sq | CJ10: {=(BV10+7)*ROW(INDIRECT("A1:A190"))^0} -> 46153 | CK10: =IF(ISBLANK(BW10),"",BW10) -> Competition Squat | CL10: =IF(ISBLANK(BX10),"",BX10) -> 1 | CM10: =IF( OR(ISBLANK(BY10),BY10=""),"", BY10) -> 1 | CN10: @7.5 | CO10: {=IFERROR(IF(CI10="ac"+ISNUMBER(SEARCH("'",CN10))+CM10="","", IF(ISNUMBER(SEARCH("lw",CN10)), CA10 + SUBSTITUTE(CN10,"lw+",""), MROUND(SWITCH(CI10,"sq",CM$7,"bn",CN$7,"dl",CO$7,"")*IF(CN10>10, CN10/100, VLOOKUP(CN10, _rpe,SUBSTITUTE(CM10,"+","")+1,0)), IF( SWITCH(CI10,"sq",CM$7,"bn",CN$7,"dl", CO$7,"")< IF(_uom="lbs", 175, 80), 1.25, IF(_uom="lbs",5,2.5))))), "")} | CP10: {=IF(CI10:CI210="",,IFERROR(CO10:CO210/VLOOKUP(CR10:CR210, _rpe,SUBSTITUTE(CM10:CM210,"+","")+1,FALSE)*1,""))} | CS10: =IFERROR(__xludf.DUMMYFUNCTION("IF(CO10=MAX(FILTER(CO$10:CO$199,LOOKUP(ROW(CI$10:CI$199),FILTER(ROW(CI$10:CI$199),CI$10:CI$199<>CI$9:CI$198))=LOOKUP(ROW(CI10),FILTER(ROW(CI$10:CI$199),CI$10:CI$199<>CI$9:CI$198)))),CP10,)"),"") | CV10: =IF(ISBLANK(CH10),"",CH10) -> SQ 1: hypertrophy | CW10: =IFERROR(__xludf.DUMMYFUNCTION("ARRAYFORMULA(IF(CY10:CY210="""","""", IF(ISNA(LOOKUP(ROW(CY10:CY210),FILTER(ROW(CY10:CY210),LEN(CY10:CY210)>1),VLOOKUP(FILTER(CY10:CY210,LEN(CY10:CY210)>1),{'Personal Info'!$A:$B;'Personal Info'!$C:$D;'Personal Info'!$E:$F},2,FALSE))), ""ac"" , LOOKUP(ROW"&"(CY10:CY210),FILTER(ROW(CY10:CY210),LEN(CY10:CY210)>1),VLOOKUP(FILTER(CY10:CY210,LEN(CY10:CY210)>1),{'Personal Info'!$A:$B;'Personal Info'!$C:$D;'Personal Info'!$E:$F},2,FALSE)))))"),"sq") -> sq | CX10: {=(CJ10+7)*ROW(INDIRECT("A1:A190"))^0} -> 46160 | CY10: =IF(ISBLANK(CK10),"",CK10) -> Competition Squat | CZ10: =IF(ISBLANK(CL10),"",CL10) -> 1 | DA10: =IF( OR(ISBLANK(CM10),CM10=""),"", CM10) -> 1 | DB10: @8.5 | DC10: {=IFERROR(IF(CW10="ac"+ISNUMBER(SEARCH("'",DB10))+DA10="","", IF(ISNUMBER(SEARCH("lw",DB10)), CO10 + SUBSTITUTE(DB10,"lw+",""), MROUND(SWITCH(CW10,"sq",DA$7,"bn",DB$7,"dl",DC$7,"")*IF(DB10>10, DB10/100, VLOOKUP(DB10, _rpe,SUBSTITUTE(DA10,"+","")+1,0)), IF( SWITCH(CW10,"sq",DA$7,"bn",DB$7,"dl", DC$7,"")< IF(_uom="lbs", 175, 80), 1.25, IF(_uom="lbs",5,2.5))))), "")} | DD10: {=IF(CW10:CW210="",,IFERROR(DC10:DC210/VLOOKUP(DF10:DF210, _rpe,SUBSTITUTE(DA10:DA210,"+","")+1,FALSE)*1,""))} | DG10: =IFERROR(__xludf.DUMMYFUNCTION("IF(DC10=MAX(FILTER(DC$10:DC$199,LOOKUP(ROW(CW$10:CW$199),FILTER(ROW(CW$10:CW$199),CW$10:CW$199<>CW$9:CW$198))=LOOKUP(ROW(CW10),FILTER(ROW(CW$10:CW$199),CW$10:CW$199<>CW$9:CW$198)))),DD10,)"),"") | DJ10: =IF(ISBLANK(CV10),"",CV10) -> SQ 1: hypertrophy | DK10: =IFERROR(__xludf.DUMMYFUNCTION("ARRAYFORMULA(IF(DM10:DM210="""","""", IF(ISNA(LOOKUP(ROW(DM10:DM210),FILTER(ROW(DM10:DM210),LEN(DM10:DM210)>1),VLOOKUP(FILTER(DM10:DM210,LEN(DM10:DM210)>1),{'Personal Info'!$A:$B;'Personal Info'!$C:$D;'Personal Info'!$E:$F},2,FALSE))), ""ac"" , LOOKUP(ROW"&"(DM10:DM210),FILTER(ROW(DM10:DM210),LEN(DM10:DM210)>1),VLOOKUP(FILTER(DM10:DM210,LEN(DM10:DM210)>1),{'Personal Info'!$A:$B;'Personal Info'!$C:$D;'Personal Info'!$E:$F},2,FALSE)))))"),"sq") -> sq | DL10: {=(CX10+7)*ROW(INDIRECT("A1:A190"))^0} -> 46167 | DM10: Squat | DN10: 5 | DO10: 2 | DP10: 80 | DQ10: {=IFERROR(IF(DK10="ac"+ISNUMBER(SEARCH("'",DP10))+DO10="","", IF(ISNUMBER(SEARCH("lw",DP10)), DC10 + SUBSTITUTE(DP10,"lw+",""), MROUND(SWITCH(DK10,"sq",DO$7,"bn",DP$7,"dl",DQ$7,"")*IF(DP10>10, DP10/100, VLOOKUP(DP10, _rpe,SUBSTITUTE(DO10,"+","")+1,0)), IF( SWITCH(DK10,"sq",DO$7,"bn",DP$7,"dl", DQ$7,"")< IF(_uom="lbs", 175, 80), 1.25, IF(_uom="lbs",5,2.5))))), "")} -> 0 | DR10: {=IF(DK10:DK210="",,IFERROR(DQ10:DQ210/VLOOKUP(DT10:DT210, _rpe,SUBSTITUTE(DO10:DO210,"+","")+1,FALSE)*1,""))} | DU10: =IFERROR(__xludf.DUMMYFUNCTION("IF(DQ10=MAX(FILTER(DQ$10:DQ$199,LOOKUP(ROW(DK$10:DK$199),FILTER(ROW(DK$10:DK$199),DK$10:DK$199<>DK$9:DK$198))=LOOKUP(ROW(DK10),FILTER(ROW(DK$10:DK$199),DK$10:DK$199<>DK$9:DK$198)))),DR10,)"),"") | IW10: =IF(ISBLANK(#REF!),"",#REF!) -> #REF! | IX10: =IFERROR(__xludf.DUMMYFUNCTION("ARRAYFORMULA(IF(#REF!="""","""", IF(ISNA(LOOKUP(ROW(#REF!),FILTER(ROW(#REF!),LEN(#REF!)>1),VLOOKUP(FILTER(#REF!,LEN(#REF!)>1),{'Personal Info'!$A:$B;'Personal Info'!$C:$D;'Personal Info'!$E:$F},2,FALSE))), ""ac"" , LOOKUP(ROW(#REF!),FILTER(ROW(#REF!),LEN("&"#REF!)>1),VLOOKUP(FILTER(#REF!,LEN(#REF!)>1),{'Personal Info'!$A:$B;'Personal Info'!$C:$D;'Personal Info'!$E:$F},2,FALSE)))))"),"#REF!") -> #REF! | IY10: {=(#REF!+7)*ROW(INDIRECT("A1:A190"))^0} -> #REF!
C11: =IFERROR(__xludf.DUMMYFUNCTION("""COMPUTED_VALUE"""),"sq") -> sq | D11: 46111 | E11: - | F11: 3 | G11: 8 | H11: 69 | I11: {=IFERROR(IF(C11="ac"+ISNUMBER(SEARCH("'",H11))+G11="","", MROUND(SWITCH(C11,"sq",'Personal Info'!$O$15,"bn",'Personal Info'!$S$15,"dl",'Personal Info'!$W$15,"")*IF(H11>10, H11/100, VLOOKUP(H11, _rpe,SUBSTITUTE(G11,"+","")+1,0)), IF( SWITCH(C11:C210,"sq",'Personal Info'!$O$15,"bn",'Personal Info'!$S$15,"dl", 'Personal Info'!$W$15,"")< IF(_uom="lbs", 175, 80), 1.25, IF(_uom="lbs",5,2.5)))),"")} -> 140 | M11: =IFERROR(__xludf.DUMMYFUNCTION("IF(I11=MAX(FILTER(I$10:I$199,LOOKUP(ROW(C$10:C$199),FILTER(ROW(C$10:C$199),C$10:C$199<>C$9:C$198))=LOOKUP(ROW(C11),FILTER(ROW(C$10:C$199),C$10:C$199<>C$9:C$198)))),J11,)"),"") | P11: =IF(ISBLANK(B11),"",B11) | Q11: =IFERROR(__xludf.DUMMYFUNCTION("""COMPUTED_VALUE"""),"sq") -> sq | R11: 46118 | S11: =IF(ISBLANK(E11),"",E11) -> - | T11: 3 | U11: 8 | V11: 71 | W11: {=IFERROR(IF(Q11="ac"+ISNUMBER(SEARCH("'",V11))+U11="","", IF(ISNUMBER(SEARCH("lw",V11)), I11 + SUBSTITUTE(V11,"lw+",""), MROUND(SWITCH(Q11,"sq",U$7,"bn",V$7,"dl",W$7,"")*IF(V11>10, V11/100, VLOOKUP(V11, _rpe,SUBSTITUTE(U11,"+","")+1,0)), IF( SWITCH(Q11,"sq",U$7,"bn",V$7,"dl", W$7,"")< IF(_uom="lbs", 175, 80), 1.25, IF(_uom="lbs",5,2.5))))), "")} -> 140 | AA11: =IFERROR(__xludf.DUMMYFUNCTION("IF(W11=MAX(FILTER(W$10:W$199,LOOKUP(ROW(Q$10:Q$199),FILTER(ROW(Q$10:Q$199),Q$10:Q$199<>Q$9:Q$198))=LOOKUP(ROW(Q11),FILTER(ROW(Q$10:Q$199),Q$10:Q$199<>Q$9:Q$198)))),X11,)"),"") | AD11: =IF(ISBLANK(P11),"",P11) | AE11: =IFERROR(__xludf.DUMMYFUNCTION("""COMPUTED_VALUE"""),"sq") -> sq | AF11: 46125 | AG11: =IF(ISBLANK(S11),"",S11) -> - | AH11: =IF(ISBLANK(T11),"",T11) -> 3 | AI11: 7 | AJ11: 73 | AK11: {=IFERROR(IF(AE11="ac"+ISNUMBER(SEARCH("'",AJ11))+AI11="","", IF(ISNUMBER(SEARCH("lw",AJ11)), W11 + SUBSTITUTE(AJ11,"lw+",""), MROUND(SWITCH(AE11,"sq",AI$7,"bn",AJ$7,"dl",AK$7,"")*IF(AJ11>10, AJ11/100, VLOOKUP(AJ11, _rpe,SUBSTITUTE(AI11,"+","")+1,0)), IF( SWITCH(AE11,"sq",AI$7,"bn",AJ$7,"dl", AK$7,"")< IF(_uom="lbs", 175, 80), 1.25, IF(_uom="lbs",5,2.5))))), "")} -> 145 | AO11: =IFERROR(__xludf.DUMMYFUNCTION("IF(AK11=MAX(FILTER(AK$10:AK$199,LOOKUP(ROW(AE$10:AE$199),FILTER(ROW(AE$10:AE$199),AE$10:AE$199<>AE$9:AE$198))=LOOKUP(ROW(AE11),FILTER(ROW(AE$10:AE$199),AE$10:AE$199<>AE$9:AE$198)))),AL11,)"),"") | AR11: =IF(ISBLANK(AD11),"",AD11) | AS11: =IFERROR(__xludf.DUMMYFUNCTION("""COMPUTED_VALUE"""),"sq") -> sq | AT11: 46132 | AU11: =IF(ISBLANK(AG11),"",AG11) -> - | AV11: 3 | AW11: 7 | AX11: 75 | AY11: {=IFERROR(IF(AS11="ac"+ISNUMBER(SEARCH("'",AX11))+AW11="","", IF(ISNUMBER(SEARCH("lw",AX11)), AK11 + SUBSTITUTE(AX11,"lw+",""), MROUND(SWITCH(AS11,"sq",AW$7,"bn",AX$7,"dl",AY$7,"")*IF(AX11>10, AX11/100, VLOOKUP(AX11, _rpe,SUBSTITUTE(AW11,"+","")+1,0)), IF( SWITCH(AS11,"sq",AW$7,"bn",AX$7,"dl", AY$7,"")< IF(_uom="lbs", 175, 80), 1.25, IF(_uom="lbs",5,2.5))))), "")} -> 150 | BC11: =IFERROR(__xludf.DUMMYFUNCTION("IF(AY11=MAX(FILTER(AY$10:AY$199,LOOKUP(ROW(AS$10:AS$199),FILTER(ROW(AS$10:AS$199),AS$10:AS$199<>AS$9:AS$198))=LOOKUP(ROW(AS11),FILTER(ROW(AS$10:AS$199),AS$10:AS$199<>AS$9:AS$198)))),AZ11,)"),"") | BF11: =IF(ISBLANK(AR11),"",AR11) | BG11: =IFERROR(__xludf.DUMMYFUNCTION("""COMPUTED_VALUE"""),"sq") -> sq | BH11: 46139 | BI11: =IF(ISBLANK(AU11),"",AU11) -> - | BM11: {=IFERROR(IF(BG11="ac"+ISNUMBER(SEARCH("'",BL11))+BK11="","", IF(ISNUMBER(SEARCH("lw",BL11)), AY11 + SUBSTITUTE(BL11,"lw+",""), MROUND(SWITCH(BG11,"sq",BK$7,"bn",BL$7,"dl",BM$7,"")*IF(BL11>10, BL11/100, VLOOKUP(BL11, _rpe,SUBSTITUTE(BK11,"+","")+1,0)), IF( SWITCH(BG11,"sq",BK$7,"bn",BL$7,"dl", BM$7,"")< IF(_uom="lbs", 175, 80), 1.25, IF(_uom="lbs",5,2.5))))), "")} | BQ11: =IFERROR(__xludf.DUMMYFUNCTION("IF(BM11=MAX(FILTER(BM$10:BM$199,LOOKUP(ROW(BG$10:BG$199),FILTER(ROW(BG$10:BG$199),BG$10:BG$199<>BG$9:BG$198))=LOOKUP(ROW(BG11),FILTER(ROW(BG$10:BG$199),BG$10:BG$199<>BG$9:BG$198)))),BN11,)"),"") | BT11: =IF(ISBLANK(BF11),"",BF11) | BU11: =IFERROR(__xludf.DUMMYFUNCTION("""COMPUTED_VALUE"""),"sq") -> sq | BV11: 46146 | BW11: =IF(ISBLANK(BI11),"",BI11) -> - | BX11: 5 | BY11: 3 | BZ11: 85 | CA11: {=IFERROR(IF(BU11="ac"+ISNUMBER(SEARCH("'",BZ11))+BY11="","", IF(ISNUMBER(SEARCH("lw",BZ11)), BM11 + SUBSTITUTE(BZ11,"lw+",""), MROUND(SWITCH(BU11,"sq",BY$7,"bn",BZ$7,"dl",CA$7,"")*IF(BZ11>10, BZ11/100, VLOOKUP(BZ11, _rpe,SUBSTITUTE(BY11,"+","")+1,0)), IF( SWITCH(BU11,"sq",BY$7,"bn",BZ$7,"dl", CA$7,"")< IF(_uom="lbs", 175, 80), 1.25, IF(_uom="lbs",5,2.5))))), "")} -> 170 | CE11: =IFERROR(__xludf.DUMMYFUNCTION("IF(CA11=MAX(FILTER(CA$10:CA$199,LOOKUP(ROW(BU$10:BU$199),FILTER(ROW(BU$10:BU$199),BU$10:BU$199<>BU$9:BU$198))=LOOKUP(ROW(BU11),FILTER(ROW(BU$10:BU$199),BU$10:BU$199<>BU$9:BU$198)))),CB11,)"),"") | CH11: =IF(ISBLANK(BT11),"",BT11) | CI11: =IFERROR(__xludf.DUMMYFUNCTION("""COMPUTED_VALUE"""),"sq") -> sq | CJ11: 46153 | CK11: =IF(ISBLANK(BW11),"",BW11) -> - | CL11: 5 | CM11: 3 | CN11: 87 | CO11: {=IFERROR(IF(CI11="ac"+ISNUMBER(SEARCH("'",CN11))+CM11="","", IF(ISNUMBER(SEARCH("lw",CN11)), CA11 + SUBSTITUTE(CN11,"lw+",""), MROUND(SWITCH(CI11,"sq",CM$7,"bn",CN$7,"dl",CO$7,"")*IF(CN11>10, CN11/100, VLOOKUP(CN11, _rpe,SUBSTITUTE(CM11,"+","")+1,0)), IF( SWITCH(CI11,"sq",CM$7,"bn",CN$7,"dl", CO$7,"")< IF(_uom="lbs", 175, 80), 1.25, IF(_uom="lbs",5,2.5))))), "")} -> 175 | CS11: =IFERROR(__xludf.DUMMYFUNCTION("IF(CO11=MAX(FILTER(CO$10:CO$199,LOOKUP(ROW(CI$10:CI$199),FILTER(ROW(CI$10:CI$199),CI$10:CI$199<>CI$9:CI$198))=LOOKUP(ROW(CI11),FILTER(ROW(CI$10:CI$199),CI$10:CI$199<>CI$9:CI$198)))),CP11,)"),"") | CV11: =IF(ISBLANK(CH11),"",CH11) | CW11: =IFERROR(__xludf.DUMMYFUNCTION("""COMPUTED_VALUE"""),"sq") -> sq | CX11: 46160 | CY11: =IF(ISBLANK(CK11),"",CK11) -> - | CZ11: 5 | DA11: 2 | DB11: 89 | DC11: {=IFERROR(IF(CW11="ac"+ISNUMBER(SEARCH("'",DB11))+DA11="","", IF(ISNUMBER(SEARCH("lw",DB11)), CO11 + SUBSTITUTE(DB11,"lw+",""), MROUND(SWITCH(CW11,"sq",DA$7,"bn",DB$7,"dl",DC$7,"")*IF(DB11>10, DB11/100, VLOOKUP(DB11, _rpe,SUBSTITUTE(DA11,"+","")+1,0)), IF( SWITCH(CW11,"sq",DA$7,"bn",DB$7,"dl", DC$7,"")< IF(_uom="lbs", 175, 80), 1.25, IF(_uom="lbs",5,2.5))))), "")} -> 180 | DG11: =IFERROR(__xludf.DUMMYFUNCTION("IF(DC11=MAX(FILTER(DC$10:DC$199,LOOKUP(ROW(CW$10:CW$199),FILTER(ROW(CW$10:CW$199),CW$10:CW$199<>CW$9:CW$198))=LOOKUP(ROW(CW11),FILTER(ROW(CW$10:CW$199),CW$10:CW$199<>CW$9:CW$198)))),DD11,)"),"") | DJ11: =IF(ISBLANK(CV11),"",CV11) | DK11: =IFERROR(__xludf.DUMMYFUNCTION("""COMPUTED_VALUE"""),"sq") -> sq | DL11: 46167 | DM11: =IF(ISBLANK(CY11),"",CY11) -> - | DQ11: {=IFERROR(IF(DK11="ac"+ISNUMBER(SEARCH("'",DP11))+DO11="","", IF(ISNUMBER(SEARCH("lw",DP11)), DC11 + SUBSTITUTE(DP11,"lw+",""), MROUND(SWITCH(DK11,"sq",DO$7,"bn",DP$7,"dl",DQ$7,"")*IF(DP11>10, DP11/100, VLOOKUP(DP11, _rpe,SUBSTITUTE(DO11,"+","")+1,0)), IF( SWITCH(DK11,"sq",DO$7,"bn",DP$7,"dl", DQ$7,"")< IF(_uom="lbs", 175, 80), 1.25, IF(_uom="lbs",5,2.5))))), "")} | DU11: =IFERROR(__xludf.DUMMYFUNCTION("IF(DQ11=MAX(FILTER(DQ$10:DQ$199,LOOKUP(ROW(DK$10:DK$199),FILTER(ROW(DK$10:DK$199),DK$10:DK$199<>DK$9:DK$198))=LOOKUP(ROW(DK11),FILTER(ROW(DK$10:DK$199),DK$10:DK$199<>DK$9:DK$198)))),DR11,)"),"") | IW11: =IF(ISBLANK(#REF!),"",#REF!) -> #REF! | IY11: #REF!
C12: =IFERROR(__xludf.DUMMYFUNCTION("""COMPUTED_VALUE"""),"") | D12: 46111 | I12: {=IFERROR(IF(C12="ac"+ISNUMBER(SEARCH("'",H12))+G12="","", MROUND(SWITCH(C12,"sq",'Personal Info'!$O$15,"bn",'Personal Info'!$S$15,"dl",'Personal Info'!$W$15,"")*IF(H12>10, H12/100, VLOOKUP(H12, _rpe,SUBSTITUTE(G12,"+","")+1,0)), IF( SWITCH(C12:C210,"sq",'Personal Info'!$O$15,"bn",'Personal Info'!$S$15,"dl", 'Personal Info'!$W$15,"")< IF(_uom="lbs", 175, 80), 1.25, IF(_uom="lbs",5,2.5)))),"")} | M12: =IFERROR(__xludf.DUMMYFUNCTION("IF(I12=MAX(FILTER(I$10:I$199,LOOKUP(ROW(C$10:C$199),FILTER(ROW(C$10:C$199),C$10:C$199<>C$9:C$198))=LOOKUP(ROW(C12),FILTER(ROW(C$10:C$199),C$10:C$199<>C$9:C$198)))),J12,)"),"") | P12: =IF(ISBLANK(B12),"",B12) | Q12: =IFERROR(__xludf.DUMMYFUNCTION("""COMPUTED_VALUE"""),"") | R12: 46118 | S12: =IF(ISBLANK(E12),"",E12) | T12: =IF(ISBLANK(F12),"",F12) | U12: =IF( OR(ISBLANK(G12),G12=""),"", G12) | V12: =IF(ISBLANK(H12),"",H12) | W12: {=IFERROR(IF(Q12="ac"+ISNUMBER(SEARCH("'",V12))+U12="","", IF(ISNUMBER(SEARCH("lw",V12)), I12 + SUBSTITUTE(V12,"lw+",""), MROUND(SWITCH(Q12,"sq",U$7,"bn",V$7,"dl",W$7,"")*IF(V12>10, V12/100, VLOOKUP(V12, _rpe,SUBSTITUTE(U12,"+","")+1,0)), IF( SWITCH(Q12,"sq",U$7,"bn",V$7,"dl", W$7,"")< IF(_uom="lbs", 175, 80), 1.25, IF(_uom="lbs",5,2.5))))), "")} | AA12: =IFERROR(__xludf.DUMMYFUNCTION("IF(W12=MAX(FILTER(W$10:W$199,LOOKUP(ROW(Q$10:Q$199),FILTER(ROW(Q$10:Q$199),Q$10:Q$199<>Q$9:Q$198))=LOOKUP(ROW(Q12),FILTER(ROW(Q$10:Q$199),Q$10:Q$199<>Q$9:Q$198)))),X12,)"),"") | AD12: =IF(ISBLANK(P12),"",P12) | AE12: =IFERROR(__xludf.DUMMYFUNCTION("""COMPUTED_VALUE"""),"") | AF12: 46125 | AG12: =IF(ISBLANK(S12),"",S12) | AH12: =IF(ISBLANK(T12),"",T12) | AI12: =IF( OR(ISBLANK(U12),U12=""),"", U12) | AJ12: =IF(ISBLANK(V12),"",V12) | AK12: {=IFERROR(IF(AE12="ac"+ISNUMBER(SEARCH("'",AJ12))+AI12="","", IF(ISNUMBER(SEARCH("lw",AJ12)), W12 + SUBSTITUTE(AJ12,"lw+",""), MROUND(SWITCH(AE12,"sq",AI$7,"bn",AJ$7,"dl",AK$7,"")*IF(AJ12>10, AJ12/100, VLOOKUP(AJ12, _rpe,SUBSTITUTE(AI12,"+","")+1,0)), IF( SWITCH(AE12,"sq",AI$7,"bn",AJ$7,"dl", AK$7,"")< IF(_uom="lbs", 175, 80), 1.25, IF(_uom="lbs",5,2.5))))), "")} | AO12: =IFERROR(__xludf.DUMMYFUNCTION("IF(AK12=MAX(FILTER(AK$10:AK$199,LOOKUP(ROW(AE$10:AE$199),FILTER(ROW(AE$10:AE$199),AE$10:AE$199<>AE$9:AE$198))=LOOKUP(ROW(AE12),FILTER(ROW(AE$10:AE$199),AE$10:AE$199<>AE$9:AE$198)))),AL12,)"),"") | AR12: =IF(ISBLANK(AD12),"",AD12) | AS12: =IFERROR(__xludf.DUMMYFUNCTION("""COMPUTED_VALUE"""),"") | AT12: 46132 | AU12: =IF(ISBLANK(AG12),"",AG12) | AV12: =IF(ISBLANK(AH12),"",AH12) | AW12: =IF( OR(ISBLANK(AI12),AI12=""),"", AI12) | AX12: =IF(ISBLANK(AJ12),"",AJ12) | AY12: {=IFERROR(IF(AS12="ac"+ISNUMBER(SEARCH("'",AX12))+AW12="","", IF(ISNUMBER(SEARCH("lw",AX12)), AK12 + SUBSTITUTE(AX12,"lw+",""), MROUND(SWITCH(AS12,"sq",AW$7,"bn",AX$7,"dl",AY$7,"")*IF(AX12>10, AX12/100, VLOOKUP(AX12, _rpe,SUBSTITUTE(AW12,"+","")+1,0)), IF( SWITCH(AS12,"sq",AW$7,"bn",AX$7,"dl", AY$7,"")< IF(_uom="lbs", 175, 80), 1.25, IF(_uom="lbs",5,2.5))))), "")} | BC12: =IFERROR(__xludf.DUMMYFUNCTION("IF(AY12=MAX(FILTER(AY$10:AY$199,LOOKUP(ROW(AS$10:AS$199),FILTER(ROW(AS$10:AS$199),AS$10:AS$199<>AS$9:AS$198))=LOOKUP(ROW(AS12),FILTER(ROW(AS$10:AS$199),AS$10:AS$199<>AS$9:AS$198)))),AZ12,)"),"") | BF12: =IF(ISBLANK(AR12),"",AR12) | BG12: =IFERROR(__xludf.DUMMYFUNCTION("""COMPUTED_VALUE"""),"") | BH12: 46139 | BI12: =IF(ISBLANK(AU12),"",AU12) | BJ12: =IF(ISBLANK(AV12),"",AV12) | BK12: =IF( OR(ISBLANK(AW12),AW12=""),"", AW12) | BL12: =IF(ISBLANK(AX12),"",AX12) | BM12: {=IFERROR(IF(BG12="ac"+ISNUMBER(SEARCH("'",BL12))+BK12="","", IF(ISNUMBER(SEARCH("lw",BL12)), AY12 + SUBSTITUTE(BL12,"lw+",""), MROUND(SWITCH(BG12,"sq",BK$7,"bn",BL$7,"dl",BM$7,"")*IF(BL12>10, BL12/100, VLOOKUP(BL12, _rpe,SUBSTITUTE(BK12,"+","")+1,0)), IF( SWITCH(BG12,"sq",BK$7,"bn",BL$7,"dl", BM$7,"")< IF(_uom="lbs", 175, 80), 1.25, IF(_uom="lbs",5,2.5))))), "")} | BQ12: =IFERROR(__xludf.DUMMYFUNCTION("IF(BM12=MAX(FILTER(BM$10:BM$199,LOOKUP(ROW(BG$10:BG$199),FILTER(ROW(BG$10:BG$199),BG$10:BG$199<>BG$9:BG$198))=LOOKUP(ROW(BG12),FILTER(ROW(BG$10:BG$199),BG$10:BG$199<>BG$9:BG$198)))),BN12,)"),"") | BT12: =IF(ISBLANK(BF12),"",BF12) | BU12: =IFERROR(__xludf.DUMMYFUNCTION("""COMPUTED_VALUE"""),"") | BV12: 46146 | BW12: =IF(ISBLANK(BI12),"",BI12) | BX12: =IF(ISBLANK(BJ12),"",BJ12) | BY12: =IF( OR(ISBLANK(BK12),BK12=""),"", BK12) | BZ12: =IF(ISBLANK(BL12),"",BL12) | CA12: {=IFERROR(IF(BU12="ac"+ISNUMBER(SEARCH("'",BZ12))+BY12="","", IF(ISNUMBER(SEARCH("lw",BZ12)), BM12 + SUBSTITUTE(BZ12,"lw+",""), MROUND(SWITCH(BU12,"sq",BY$7,"bn",BZ$7,"dl",CA$7,"")*IF(BZ12>10, BZ12/100, VLOOKUP(BZ12, _rpe,SUBSTITUTE(BY12,"+","")+1,0)), IF( SWITCH(BU12,"sq",BY$7,"bn",BZ$7,"dl", CA$7,"")< IF(_uom="lbs", 175, 80), 1.25, IF(_uom="lbs",5,2.5))))), "")} | CE12: =IFERROR(__xludf.DUMMYFUNCTION("IF(CA12=MAX(FILTER(CA$10:CA$199,LOOKUP(ROW(BU$10:BU$199),FILTER(ROW(BU$10:BU$199),BU$10:BU$199<>BU$9:BU$198))=LOOKUP(ROW(BU12),FILTER(ROW(BU$10:BU$199),BU$10:BU$199<>BU$9:BU$198)))),CB12,)"),"") | CH12: =IF(ISBLANK(BT12),"",BT12) | CI12: =IFERROR(__xludf.DUMMYFUNCTION("""COMPUTED_VALUE"""),"") | CJ12: 46153 | CK12: =IF(ISBLANK(BW12),"",BW12) | CL12: =IF(ISBLANK(BX12),"",BX12) | CM12: =IF( OR(ISBLANK(BY12),BY12=""),"", BY12) | CN12: =IF(ISBLANK(BZ12),"",BZ12) | CO12: {=IFERROR(IF(CI12="ac"+ISNUMBER(SEARCH("'",CN12))+CM12="","", IF(ISNUMBER(SEARCH("lw",CN12)), CA12 + SUBSTITUTE(CN12,"lw+",""), MROUND(SWITCH(CI12,"sq",CM$7,"bn",CN$7,"dl",CO$7,"")*IF(CN12>10, CN12/100, VLOOKUP(CN12, _rpe,SUBSTITUTE(CM12,"+","")+1,0)), IF( SWITCH(CI12,"sq",CM$7,"bn",CN$7,"dl", CO$7,"")< IF(_uom="lbs", 175, 80), 1.25, IF(_uom="lbs",5,2.5))))), "")} | CS12: =IFERROR(__xludf.DUMMYFUNCTION("IF(CO12=MAX(FILTER(CO$10:CO$199,LOOKUP(ROW(CI$10:CI$199),FILTER(ROW(CI$10:CI$199),CI$10:CI$199<>CI$9:CI$198))=LOOKUP(ROW(CI12),FILTER(ROW(CI$10:CI$199),CI$10:CI$199<>CI$9:CI$198)))),CP12,)"),"") | CV12: =IF(ISBLANK(CH12),"",CH12) | CW12: =IFERROR(__xludf.DUMMYFUNCTION("""COMPUTED_VALUE"""),"") | CX12: 46160 | CY12: =IF(ISBLANK(CK12),"",CK12) | CZ12: =IF(ISBLANK(CL12),"",CL12) | DA12: =IF( OR(ISBLANK(CM12),CM12=""),"", CM12) | DB12: =IF(ISBLANK(CN12),"",CN12) | DC12: {=IFERROR(IF(CW12="ac"+ISNUMBER(SEARCH("'",DB12))+DA12="","", IF(ISNUMBER(SEARCH("lw",DB12)), CO12 + SUBSTITUTE(DB12,"lw+",""), MROUND(SWITCH(CW12,"sq",DA$7,"bn",DB$7,"dl",DC$7,"")*IF(DB12>10, DB12/100, VLOOKUP(DB12, _rpe,SUBSTITUTE(DA12,"+","")+1,0)), IF( SWITCH(CW12,"sq",DA$7,"bn",DB$7,"dl", DC$7,"")< IF(_uom="lbs", 175, 80), 1.25, IF(_uom="lbs",5,2.5))))), "")} | DG12: =IFERROR(__xludf.DUMMYFUNCTION("IF(DC12=MAX(FILTER(DC$10:DC$199,LOOKUP(ROW(CW$10:CW$199),FILTER(ROW(CW$10:CW$199),CW$10:CW$199<>CW$9:CW$198))=LOOKUP(ROW(CW12),FILTER(ROW(CW$10:CW$199),CW$10:CW$199<>CW$9:CW$198)))),DD12,)"),"") | DJ12: =IF(ISBLANK(CV12),"",CV12) | DK12: =IFERROR(__xludf.DUMMYFUNCTION("""COMPUTED_VALUE"""),"") | DL12: 46167 | DM12: =IF(ISBLANK(CY12),"",CY12) | DN12: =IF(ISBLANK(CZ12),"",CZ12) | DO12: =IF( OR(ISBLANK(DA12),DA12=""),"", DA12) | DP12: =IF(ISBLANK(DB12),"",DB12) | DQ12: {=IFERROR(IF(DK12="ac"+ISNUMBER(SEARCH("'",DP12))+DO12="","", IF(ISNUMBER(SEARCH("lw",DP12)), DC12 + SUBSTITUTE(DP12,"lw+",""), MROUND(SWITCH(DK12,"sq",DO$7,"bn",DP$7,"dl",DQ$7,"")*IF(DP12>10, DP12/100, VLOOKUP(DP12, _rpe,SUBSTITUTE(DO12,"+","")+1,0)), IF( SWITCH(DK12,"sq",DO$7,"bn",DP$7,"dl", DQ$7,"")< IF(_uom="lbs", 175, 80), 1.25, IF(_uom="lbs",5,2.5))))), "")} | DU12: =IFERROR(__xludf.DUMMYFUNCTION("IF(DQ12=MAX(FILTER(DQ$10:DQ$199,LOOKUP(ROW(DK$10:DK$199),FILTER(ROW(DK$10:DK$199),DK$10:DK$199<>DK$9:DK$198))=LOOKUP(ROW(DK12),FILTER(ROW(DK$10:DK$199),DK$10:DK$199<>DK$9:DK$198)))),DR12,)"),"") | IW12: =IF(ISBLANK(#REF!),"",#REF!) -> #REF! | IY12: #REF!
C13: =IFERROR(__xludf.DUMMYFUNCTION("""COMPUTED_VALUE"""),"") | D13: 46111 | I13: {=IFERROR(IF(C13="ac"+ISNUMBER(SEARCH("'",H13))+G13="","", MROUND(SWITCH(C13,"sq",'Personal Info'!$O$15,"bn",'Personal Info'!$S$15,"dl",'Personal Info'!$W$15,"")*IF(H13>10, H13/100, VLOOKUP(H13, _rpe,SUBSTITUTE(G13,"+","")+1,0)), IF( SWITCH(C13:C210,"sq",'Personal Info'!$O$15,"bn",'Personal Info'!$S$15,"dl", 'Personal Info'!$W$15,"")< IF(_uom="lbs", 175, 80), 1.25, IF(_uom="lbs",5,2.5)))),"")} | M13: =IFERROR(__xludf.DUMMYFUNCTION("IF(I13=MAX(FILTER(I$10:I$199,LOOKUP(ROW(C$10:C$199),FILTER(ROW(C$10:C$199),C$10:C$199<>C$9:C$198))=LOOKUP(ROW(C13),FILTER(ROW(C$10:C$199),C$10:C$199<>C$9:C$198)))),J13,)"),"") | P13: =IF(ISBLANK(B13),"",B13) | Q13: =IFERROR(__xludf.DUMMYFUNCTION("""COMPUTED_VALUE"""),"") | R13: 46118 | S13: =IF(ISBLANK(E13),"",E13) | T13: =IF(ISBLANK(F13),"",F13) | U13: =IF( OR(ISBLANK(G13),G13=""),"", G13) | V13: =IF(ISBLANK(H13),"",H13) | W13: {=IFERROR(IF(Q13="ac"+ISNUMBER(SEARCH("'",V13))+U13="","", IF(ISNUMBER(SEARCH("lw",V13)), I13 + SUBSTITUTE(V13,"lw+",""), MROUND(SWITCH(Q13,"sq",U$7,"bn",V$7,"dl",W$7,"")*IF(V13>10, V13/100, VLOOKUP(V13, _rpe,SUBSTITUTE(U13,"+","")+1,0)), IF( SWITCH(Q13,"sq",U$7,"bn",V$7,"dl", W$7,"")< IF(_uom="lbs", 175, 80), 1.25, IF(_uom="lbs",5,2.5))))), "")} | AA13: =IFERROR(__xludf.DUMMYFUNCTION("IF(W13=MAX(FILTER(W$10:W$199,LOOKUP(ROW(Q$10:Q$199),FILTER(ROW(Q$10:Q$199),Q$10:Q$199<>Q$9:Q$198))=LOOKUP(ROW(Q13),FILTER(ROW(Q$10:Q$199),Q$10:Q$199<>Q$9:Q$198)))),X13,)"),"") | AD13: =IF(ISBLANK(P13),"",P13) | AE13: =IFERROR(__xludf.DUMMYFUNCTION("""COMPUTED_VALUE"""),"") | AF13: 46125 | AG13: =IF(ISBLANK(S13),"",S13) | AH13: =IF(ISBLANK(T13),"",T13) | AI13: =IF( OR(ISBLANK(U13),U13=""),"", U13) | AJ13: =IF(ISBLANK(V13),"",V13) | AK13: {=IFERROR(IF(AE13="ac"+ISNUMBER(SEARCH("'",AJ13))+AI13="","", IF(ISNUMBER(SEARCH("lw",AJ13)), W13 + SUBSTITUTE(AJ13,"lw+",""), MROUND(SWITCH(AE13,"sq",AI$7,"bn",AJ$7,"dl",AK$7,"")*IF(AJ13>10, AJ13/100, VLOOKUP(AJ13, _rpe,SUBSTITUTE(AI13,"+","")+1,0)), IF( SWITCH(AE13,"sq",AI$7,"bn",AJ$7,"dl", AK$7,"")< IF(_uom="lbs", 175, 80), 1.25, IF(_uom="lbs",5,2.5))))), "")} | AO13: =IFERROR(__xludf.DUMMYFUNCTION("IF(AK13=MAX(FILTER(AK$10:AK$199,LOOKUP(ROW(AE$10:AE$199),FILTER(ROW(AE$10:AE$199),AE$10:AE$199<>AE$9:AE$198))=LOOKUP(ROW(AE13),FILTER(ROW(AE$10:AE$199),AE$10:AE$199<>AE$9:AE$198)))),AL13,)"),"") | AR13: =IF(ISBLANK(AD13),"",AD13) | AS13: =IFERROR(__xludf.DUMMYFUNCTION("""COMPUTED_VALUE"""),"") | AT13: 46132 | AU13: =IF(ISBLANK(AG13),"",AG13) | AV13: =IF(ISBLANK(AH13),"",AH13) | AW13: =IF( OR(ISBLANK(AI13),AI13=""),"", AI13) | AX13: =IF(ISBLANK(AJ13),"",AJ13) | AY13: {=IFERROR(IF(AS13="ac"+ISNUMBER(SEARCH("'",AX13))+AW13="","", IF(ISNUMBER(SEARCH("lw",AX13)), AK13 + SUBSTITUTE(AX13,"lw+",""), MROUND(SWITCH(AS13,"sq",AW$7,"bn",AX$7,"dl",AY$7,"")*IF(AX13>10, AX13/100, VLOOKUP(AX13, _rpe,SUBSTITUTE(AW13,"+","")+1,0)), IF( SWITCH(AS13,"sq",AW$7,"bn",AX$7,"dl", AY$7,"")< IF(_uom="lbs", 175, 80), 1.25, IF(_uom="lbs",5,2.5))))), "")} | BC13: =IFERROR(__xludf.DUMMYFUNCTION("IF(AY13=MAX(FILTER(AY$10:AY$199,LOOKUP(ROW(AS$10:AS$199),FILTER(ROW(AS$10:AS$199),AS$10:AS$199<>AS$9:AS$198))=LOOKUP(ROW(AS13),FILTER(ROW(AS$10:AS$199),AS$10:AS$199<>AS$9:AS$198)))),AZ13,)"),"") | BF13: =IF(ISBLANK(AR13),"",AR13) | BG13: =IFERROR(__xludf.DUMMYFUNCTION("""COMPUTED_VALUE"""),"") | BH13: 46139 | BI13: =IF(ISBLANK(AU13),"",AU13) | BJ13: =IF(ISBLANK(AV13),"",AV13) | BK13: =IF( OR(ISBLANK(AW13),AW13=""),"", AW13) | BL13: =IF(ISBLANK(AX13),"",AX13) | BM13: {=IFERROR(IF(BG13="ac"+ISNUMBER(SEARCH("'",BL13))+BK13="","", IF(ISNUMBER(SEARCH("lw",BL13)), AY13 + SUBSTITUTE(BL13,"lw+",""), MROUND(SWITCH(BG13,"sq",BK$7,"bn",BL$7,"dl",BM$7,"")*IF(BL13>10, BL13/100, VLOOKUP(BL13, _rpe,SUBSTITUTE(BK13,"+","")+1,0)), IF( SWITCH(BG13,"sq",BK$7,"bn",BL$7,"dl", BM$7,"")< IF(_uom="lbs", 175, 80), 1.25, IF(_uom="lbs",5,2.5))))), "")} | BQ13: =IFERROR(__xludf.DUMMYFUNCTION("IF(BM13=MAX(FILTER(BM$10:BM$199,LOOKUP(ROW(BG$10:BG$199),FILTER(ROW(BG$10:BG$199),BG$10:BG$199<>BG$9:BG$198))=LOOKUP(ROW(BG13),FILTER(ROW(BG$10:BG$199),BG$10:BG$199<>BG$9:BG$198)))),BN13,)"),"") | BT13: =IF(ISBLANK(BF13),"",BF13) | BU13: =IFERROR(__xludf.DUMMYFUNCTION("""COMPUTED_VALUE"""),"") | BV13: 46146 | BW13: =IF(ISBLANK(BI13),"",BI13) | BX13: =IF(ISBLANK(BJ13),"",BJ13) | BY13: =IF( OR(ISBLANK(BK13),BK13=""),"", BK13) | BZ13: =IF(ISBLANK(BL13),"",BL13) | CA13: {=IFERROR(IF(BU13="ac"+ISNUMBER(SEARCH("'",BZ13))+BY13="","", IF(ISNUMBER(SEARCH("lw",BZ13)), BM13 + SUBSTITUTE(BZ13,"lw+",""), MROUND(SWITCH(BU13,"sq",BY$7,"bn",BZ$7,"dl",CA$7,"")*IF(BZ13>10, BZ13/100, VLOOKUP(BZ13, _rpe,SUBSTITUTE(BY13,"+","")+1,0)), IF( SWITCH(BU13,"sq",BY$7,"bn",BZ$7,"dl", CA$7,"")< IF(_uom="lbs", 175, 80), 1.25, IF(_uom="lbs",5,2.5))))), "")} | CE13: =IFERROR(__xludf.DUMMYFUNCTION("IF(CA13=MAX(FILTER(CA$10:CA$199,LOOKUP(ROW(BU$10:BU$199),FILTER(ROW(BU$10:BU$199),BU$10:BU$199<>BU$9:BU$198))=LOOKUP(ROW(BU13),FILTER(ROW(BU$10:BU$199),BU$10:BU$199<>BU$9:BU$198)))),CB13,)"),"") | CH13: =IF(ISBLANK(BT13),"",BT13) | CI13: =IFERROR(__xludf.DUMMYFUNCTION("""COMPUTED_VALUE"""),"") | CJ13: 46153 | CK13: =IF(ISBLANK(BW13),"",BW13) | CL13: =IF(ISBLANK(BX13),"",BX13) | CM13: =IF( OR(ISBLANK(BY13),BY13=""),"", BY13) | CN13: =IF(ISBLANK(BZ13),"",BZ13) | CO13: {=IFERROR(IF(CI13="ac"+ISNUMBER(SEARCH("'",CN13))+CM13="","", IF(ISNUMBER(SEARCH("lw",CN13)), CA13 + SUBSTITUTE(CN13,"lw+",""), MROUND(SWITCH(CI13,"sq",CM$7,"bn",CN$7,"dl",CO$7,"")*IF(CN13>10, CN13/100, VLOOKUP(CN13, _rpe,SUBSTITUTE(CM13,"+","")+1,0)), IF( SWITCH(CI13,"sq",CM$7,"bn",CN$7,"dl", CO$7,"")< IF(_uom="lbs", 175, 80), 1.25, IF(_uom="lbs",5,2.5))))), "")} | CS13: =IFERROR(__xludf.DUMMYFUNCTION("IF(CO13=MAX(FILTER(CO$10:CO$199,LOOKUP(ROW(CI$10:CI$199),FILTER(ROW(CI$10:CI$199),CI$10:CI$199<>CI$9:CI$198))=LOOKUP(ROW(CI13),FILTER(ROW(CI$10:CI$199),CI$10:CI$199<>CI$9:CI$198)))),CP13,)"),"") | CV13: =IF(ISBLANK(CH13),"",CH13) | CW13: =IFERROR(__xludf.DUMMYFUNCTION("""COMPUTED_VALUE"""),"") | CX13: 46160 | CY13: =IF(ISBLANK(CK13),"",CK13) | CZ13: =IF(ISBLANK(CL13),"",CL13) | DA13: =IF( OR(ISBLANK(CM13),CM13=""),"", CM13) | DB13: =IF(ISBLANK(CN13),"",CN13) | DC13: {=IFERROR(IF(CW13="ac"+ISNUMBER(SEARCH("'",DB13))+DA13="","", IF(ISNUMBER(SEARCH("lw",DB13)), CO13 + SUBSTITUTE(DB13,"lw+",""), MROUND(SWITCH(CW13,"sq",DA$7,"bn",DB$7,"dl",DC$7,"")*IF(DB13>10, DB13/100, VLOOKUP(DB13, _rpe,SUBSTITUTE(DA13,"+","")+1,0)), IF( SWITCH(CW13,"sq",DA$7,"bn",DB$7,"dl", DC$7,"")< IF(_uom="lbs", 175, 80), 1.25, IF(_uom="lbs",5,2.5))))), "")} | DG13: =IFERROR(__xludf.DUMMYFUNCTION("IF(DC13=MAX(FILTER(DC$10:DC$199,LOOKUP(ROW(CW$10:CW$199),FILTER(ROW(CW$10:CW$199),CW$10:CW$199<>CW$9:CW$198))=LOOKUP(ROW(CW13),FILTER(ROW(CW$10:CW$199),CW$10:CW$199<>CW$9:CW$198)))),DD13,)"),"") | DJ13: =IF(ISBLANK(CV13),"",CV13) | DK13: =IFERROR(__xludf.DUMMYFUNCTION("""COMPUTED_VALUE"""),"") | DL13: 46167 | DM13: =IF(ISBLANK(CY13),"",CY13) | DN13: =IF(ISBLANK(CZ13),"",CZ13) | DO13: =IF( OR(ISBLANK(DA13),DA13=""),"", DA13) | DP13: =IF(ISBLANK(DB13),"",DB13) | DQ13: {=IFERROR(IF(DK13="ac"+ISNUMBER(SEARCH("'",DP13))+DO13="","", IF(ISNUMBER(SEARCH("lw",DP13)), DC13 + SUBSTITUTE(DP13,"lw+",""), MROUND(SWITCH(DK13,"sq",DO$7,"bn",DP$7,"dl",DQ$7,"")*IF(DP13>10, DP13/100, VLOOKUP(DP13, _rpe,SUBSTITUTE(DO13,"+","")+1,0)), IF( SWITCH(DK13,"sq",DO$7,"bn",DP$7,"dl", DQ$7,"")< IF(_uom="lbs", 175, 80), 1.25, IF(_uom="lbs",5,2.5))))), "")} | DU13: =IFERROR(__xludf.DUMMYFUNCTION("IF(DQ13=MAX(FILTER(DQ$10:DQ$199,LOOKUP(ROW(DK$10:DK$199),FILTER(ROW(DK$10:DK$199),DK$10:DK$199<>DK$9:DK$198))=LOOKUP(ROW(DK13),FILTER(ROW(DK$10:DK$199),DK$10:DK$199<>DK$9:DK$198)))),DR13,)"),"") | IW13: =IF(ISBLANK(#REF!),"",#REF!) -> #REF! | IY13: #REF!
B14: BN 1: hypertrophy | C14: =IFERROR(__xludf.DUMMYFUNCTION("""COMPUTED_VALUE"""),"bn") -> bn | D14: 46111 | E14: Bench Press | F14: =IF(OR(gen="SELECT",gen="MALE"), 3, 4) -> 3 | G14: 8 | H14: 69 | I14: {=IFERROR(IF(C14="ac"+ISNUMBER(SEARCH("'",H14))+G14="","", MROUND(SWITCH(C14,"sq",'Personal Info'!$O$15,"bn",'Personal Info'!$S$15,"dl",'Personal Info'!$W$15,"")*IF(H14>10, H14/100, VLOOKUP(H14, _rpe,SUBSTITUTE(G14,"+","")+1,0)), IF( SWITCH(C14:C210,"sq",'Personal Info'!$O$15,"bn",'Personal Info'!$S$15,"dl", 'Personal Info'!$W$15,"")< IF(_uom="lbs", 175, 80), 1.25, IF(_uom="lbs",5,2.5)))),"")} -> 82.5 | M14: =IFERROR(__xludf.DUMMYFUNCTION("IF(I14=MAX(FILTER(I$10:I$199,LOOKUP(ROW(C$10:C$199),FILTER(ROW(C$10:C$199),C$10:C$199<>C$9:C$198))=LOOKUP(ROW(C14),FILTER(ROW(C$10:C$199),C$10:C$199<>C$9:C$198)))),J14,)"),"") | P14: =IF(ISBLANK(B14),"",B14) -> BN 1: hypertrophy | Q14: =IFERROR(__xludf.DUMMYFUNCTION("""COMPUTED_VALUE"""),"bn") -> bn | R14: 46118 | S14: =IF(ISBLANK(E14),"",E14) -> Bench Press | T14: =IF(OR(gen="SELECT",gen="MALE"), 3, 4) -> 3 | U14: =IF( OR(ISBLANK(G14),G14=""),"", G14) -> 8 | V14: 71 | W14: {=IFERROR(IF(Q14="ac"+ISNUMBER(SEARCH("'",V14))+U14="","", IF(ISNUMBER(SEARCH("lw",V14)), I14 + SUBSTITUTE(V14,"lw+",""), MROUND(SWITCH(Q14,"sq",U$7,"bn",V$7,"dl",W$7,"")*IF(V14>10, V14/100, VLOOKUP(V14, _rpe,SUBSTITUTE(U14,"+","")+1,0)), IF( SWITCH(Q14,"sq",U$7,"bn",V$7,"dl", W$7,"")< IF(_uom="lbs", 175, 80), 1.25, IF(_uom="lbs",5,2.5))))), "")} -> 85 | AA14: =IFERROR(__xludf.DUMMYFUNCTION("IF(W14=MAX(FILTER(W$10:W$199,LOOKUP(ROW(Q$10:Q$199),FILTER(ROW(Q$10:Q$199),Q$10:Q$199<>Q$9:Q$198))=LOOKUP(ROW(Q14),FILTER(ROW(Q$10:Q$199),Q$10:Q$199<>Q$9:Q$198)))),X14,)"),"") | AD14: =IF(ISBLANK(P14),"",P14) -> BN 1: hypertrophy | AE14: =IFERROR(__xludf.DUMMYFUNCTION("""COMPUTED_VALUE"""),"bn") -> bn | AF14: 46125 | AG14: =IF(ISBLANK(S14),"",S14) -> Bench Press | AH14: =IF(OR(gen="SELECT",gen="MALE"), 4, 5) -> 4 | AI14: 7 | AJ14: 73 | AK14: {=IFERROR(IF(AE14="ac"+ISNUMBER(SEARCH("'",AJ14))+AI14="","", IF(ISNUMBER(SEARCH("lw",AJ14)), W14 + SUBSTITUTE(AJ14,"lw+",""), MROUND(SWITCH(AE14,"sq",AI$7,"bn",AJ$7,"dl",AK$7,"")*IF(AJ14>10, AJ14/100, VLOOKUP(AJ14, _rpe,SUBSTITUTE(AI14,"+","")+1,0)), IF( SWITCH(AE14,"sq",AI$7,"bn",AJ$7,"dl", AK$7,"")< IF(_uom="lbs", 175, 80), 1.25, IF(_uom="lbs",5,2.5))))), "")} -> 87.5 | AO14: =IFERROR(__xludf.DUMMYFUNCTION("IF(AK14=MAX(FILTER(AK$10:AK$199,LOOKUP(ROW(AE$10:AE$199),FILTER(ROW(AE$10:AE$199),AE$10:AE$199<>AE$9:AE$198))=LOOKUP(ROW(AE14),FILTER(ROW(AE$10:AE$199),AE$10:AE$199<>AE$9:AE$198)))),AL14,)"),"") | AR14: =IF(ISBLANK(AD14),"",AD14) -> BN 1: hypertrophy | AS14: =IFERROR(__xludf.DUMMYFUNCTION("""COMPUTED_VALUE"""),"bn") -> bn | AT14: 46132 | AU14: =IF(ISBLANK(AG14),"",AG14) -> Bench Press | AV14: =IF(OR(gen="SELECT",gen="MALE"), 4, 5) -> 4 | AW14: =IF( OR(ISBLANK(AI14),AI14=""),"", AI14) -> 7 | AX14: 75 | AY14: {=IFERROR(IF(AS14="ac"+ISNUMBER(SEARCH("'",AX14))+AW14="","", IF(ISNUMBER(SEARCH("lw",AX14)), AK14 + SUBSTITUTE(AX14,"lw+",""), MROUND(SWITCH(AS14,"sq",AW$7,"bn",AX$7,"dl",AY$7,"")*IF(AX14>10, AX14/100, VLOOKUP(AX14, _rpe,SUBSTITUTE(AW14,"+","")+1,0)), IF( SWITCH(AS14,"sq",AW$7,"bn",AX$7,"dl", AY$7,"")< IF(_uom="lbs", 175, 80), 1.25, IF(_uom="lbs",5,2.5))))), "")} -> 90 | BC14: =IFERROR(__xludf.DUMMYFUNCTION("IF(AY14=MAX(FILTER(AY$10:AY$199,LOOKUP(ROW(AS$10:AS$199),FILTER(ROW(AS$10:AS$199),AS$10:AS$199<>AS$9:AS$198))=LOOKUP(ROW(AS14),FILTER(ROW(AS$10:AS$199),AS$10:AS$199<>AS$9:AS$198)))),AZ14,)"),"") | BF14: =IF(ISBLANK(AR14),"",AR14) -> BN 1: hypertrophy | BG14: =IFERROR(__xludf.DUMMYFUNCTION("""COMPUTED_VALUE"""),"bn") -> bn | BH14: 46139 | BI14: =IF(ISBLANK(AU14),"",AU14) -> Bench Press | BJ14: =IF(OR(gen="SELECT",gen="MALE"), 3, 4) -> 3 | BK14: 6 | BL14: 73 | BM14: {=IFERROR(IF(BG14="ac"+ISNUMBER(SEARCH("'",BL14))+BK14="","", IF(ISNUMBER(SEARCH("lw",BL14)), AY14 + SUBSTITUTE(BL14,"lw+",""), MROUND(SWITCH(BG14,"sq",BK$7,"bn",BL$7,"dl",BM$7,"")*IF(BL14>10, BL14/100, VLOOKUP(BL14, _rpe,SUBSTITUTE(BK14,"+","")+1,0)), IF( SWITCH(BG14,"sq",BK$7,"bn",BL$7,"dl", BM$7,"")< IF(_uom="lbs", 175, 80), 1.25, IF(_uom="lbs",5,2.5))))), "")} -> 87.5 | BQ14: =IFERROR(__xludf.DUMMYFUNCTION("IF(BM14=MAX(FILTER(BM$10:BM$199,LOOKUP(ROW(BG$10:BG$199),FILTER(ROW(BG$10:BG$199),BG$10:BG$199<>BG$9:BG$198))=LOOKUP(ROW(BG14),FILTER(ROW(BG$10:BG$199),BG$10:BG$199<>BG$9:BG$198)))),BN14,)"),"") | BT14: =IF(ISBLANK(BF14),"",BF14) -> BN 1: hypertrophy | BU14: =IFERROR(__xludf.DUMMYFUNCTION("""COMPUTED_VALUE"""),"bn") -> bn | BV14: 46146 | BW14: =IF(ISBLANK(BI14),"",BI14) -> Bench Press | BX14: =IF(OR(gen="SELECT",gen="MALE"), 4, 5) -> 4 | BY14: 6 | BZ14: 75 | CA14: {=IFERROR(IF(BU14="ac"+ISNUMBER(SEARCH("'",BZ14))+BY14="","", IF(ISNUMBER(SEARCH("lw",BZ14)), BM14 + SUBSTITUTE(BZ14,"lw+",""), MROUND(SWITCH(BU14,"sq",BY$7,"bn",BZ$7,"dl",CA$7,"")*IF(BZ14>10, BZ14/100, VLOOKUP(BZ14, _rpe,SUBSTITUTE(BY14,"+","")+1,0)), IF( SWITCH(BU14,"sq",BY$7,"bn",BZ$7,"dl", CA$7,"")< IF(_uom="lbs", 175, 80), 1.25, IF(_uom="lbs",5,2.5))))), "")} -> 90 | CE14: =IFERROR(__xludf.DUMMYFUNCTION("IF(CA14=MAX(FILTER(CA$10:CA$199,LOOKUP(ROW(BU$10:BU$199),FILTER(ROW(BU$10:BU$199),BU$10:BU$199<>BU$9:BU$198))=LOOKUP(ROW(BU14),FILTER(ROW(BU$10:BU$199),BU$10:BU$199<>BU$9:BU$198)))),CB14,)"),"") | CH14: =IF(ISBLANK(BT14),"",BT14) -> BN 1: hypertrophy | CI14: =IFERROR(__xludf.DUMMYFUNCTION("""COMPUTED_VALUE"""),"bn") -> bn | CJ14: 46153 | CK14: =IF(ISBLANK(BW14),"",BW14) -> Bench Press | CL14: =IF(OR(gen="SELECT",gen="MALE"), 4, 5) -> 4 | CM14: 6 | CN14: 77 | CO14: {=IFERROR(IF(CI14="ac"+ISNUMBER(SEARCH("'",CN14))+CM14="","", IF(ISNUMBER(SEARCH("lw",CN14)), CA14 + SUBSTITUTE(CN14,"lw+",""), MROUND(SWITCH(CI14,"sq",CM$7,"bn",CN$7,"dl",CO$7,"")*IF(CN14>10, CN14/100, VLOOKUP(CN14, _rpe,SUBSTITUTE(CM14,"+","")+1,0)), IF( SWITCH(CI14,"sq",CM$7,"bn",CN$7,"dl", CO$7,"")< IF(_uom="lbs", 175, 80), 1.25, IF(_uom="lbs",5,2.5))))), "")} -> 92.5 | CS14: =IFERROR(__xludf.DUMMYFUNCTION("IF(CO14=MAX(FILTER(CO$10:CO$199,LOOKUP(ROW(CI$10:CI$199),FILTER(ROW(CI$10:CI$199),CI$10:CI$199<>CI$9:CI$198))=LOOKUP(ROW(CI14),FILTER(ROW(CI$10:CI$199),CI$10:CI$199<>CI$9:CI$198)))),CP14,)"),"") | CV14: =IF(ISBLANK(CH14),"",CH14) -> BN 1: hypertrophy | CW14: =IFERROR(__xludf.DUMMYFUNCTION("""COMPUTED_VALUE"""),"bn") -> bn | CX14: 46160 | CY14: =IF(ISBLANK(CK14),"",CK14) -> Bench Press | CZ14: =IF(OR(gen="SELECT",gen="MALE"), 4, 5) -> 4 | DA14: 5 | DB14: 79 | DC14: {=IFERROR(IF(CW14="ac"+ISNUMBER(SEARCH("'",DB14))+DA14="","", IF(ISNUMBER(SEARCH("lw",DB14)), CO14 + SUBSTITUTE(DB14,"lw+",""), MROUND(SWITCH(CW14,"sq",DA$7,"bn",DB$7,"dl",DC$7,"")*IF(DB14>10, DB14/100, VLOOKUP(DB14, _rpe,SUBSTITUTE(DA14,"+","")+1,0)), IF( SWITCH(CW14,"sq",DA$7,"bn",DB$7,"dl", DC$7,"")< IF(_uom="lbs", 175, 80), 1.25, IF(_uom="lbs",5,2.5))))), "")} -> 95 | DG14: =IFERROR(__xludf.DUMMYFUNCTION("IF(DC14=MAX(FILTER(DC$10:DC$199,LOOKUP(ROW(CW$10:CW$199),FILTER(ROW(CW$10:CW$199),CW$10:CW$199<>CW$9:CW$198))=LOOKUP(ROW(CW14),FILTER(ROW(CW$10:CW$199),CW$10:CW$199<>CW$9:CW$198)))),DD14,)"),"") | DJ14: =IF(ISBLANK(CV14),"",CV14) -> BN 1: hypertrophy | DK14: =IFERROR(__xludf.DUMMYFUNCTION("""COMPUTED_VALUE"""),"bn") -> bn | DL14: 46167 | DM14: =IF(ISBLANK(CY14),"",CY14) -> Bench Press | DN14: 5 | DO14: 4 | DP14: 81 | DQ14: {=IFERROR(IF(DK14="ac"+ISNUMBER(SEARCH("'",DP14))+DO14="","", IF(ISNUMBER(SEARCH("lw",DP14)), DC14 + SUBSTITUTE(DP14,"lw+",""), MROUND(SWITCH(DK14,"sq",DO$7,"bn",DP$7,"dl",DQ$7,"")*IF(DP14>10, DP14/100, VLOOKUP(DP14, _rpe,SUBSTITUTE(DO14,"+","")+1,0)), IF( SWITCH(DK14,"sq",DO$7,"bn",DP$7,"dl", DQ$7,"")< IF(_uom="lbs", 175, 80), 1.25, IF(_uom="lbs",5,2.5))))), "")} -> 97.5 | DU14: =IFERROR(__xludf.DUMMYFUNCTION("IF(DQ14=MAX(FILTER(DQ$10:DQ$199,LOOKUP(ROW(DK$10:DK$199),FILTER(ROW(DK$10:DK$199),DK$10:DK$199<>DK$9:DK$198))=LOOKUP(ROW(DK14),FILTER(ROW(DK$10:DK$199),DK$10:DK$199<>DK$9:DK$198)))),DR14,)"),"") | IW14: =IF(ISBLANK(#REF!),"",#REF!) -> #REF! | IY14: #REF!
C15: =IFERROR(__xludf.DUMMYFUNCTION("""COMPUTED_VALUE"""),"bn") -> bn | D15: 46111 | E15: - | I15: {=IFERROR(IF(C15="ac"+ISNUMBER(SEARCH("'",H15))+G15="","", MROUND(SWITCH(C15,"sq",'Personal Info'!$O$15,"bn",'Personal Info'!$S$15,"dl",'Personal Info'!$W$15,"")*IF(H15>10, H15/100, VLOOKUP(H15, _rpe,SUBSTITUTE(G15,"+","")+1,0)), IF( SWITCH(C15:C210,"sq",'Personal Info'!$O$15,"bn",'Personal Info'!$S$15,"dl", 'Personal Info'!$W$15,"")< IF(_uom="lbs", 175, 80), 1.25, IF(_uom="lbs",5,2.5)))),"")} | M15: =IFERROR(__xludf.DUMMYFUNCTION("IF(I15=MAX(FILTER(I$10:I$199,LOOKUP(ROW(C$10:C$199),FILTER(ROW(C$10:C$199),C$10:C$199<>C$9:C$198))=LOOKUP(ROW(C15),FILTER(ROW(C$10:C$199),C$10:C$199<>C$9:C$198)))),J15,)"),"") | P15: =IF(ISBLANK(B15),"",B15) | Q15: =IFERROR(__xludf.DUMMYFUNCTION("""COMPUTED_VALUE"""),"bn") -> bn | R15: 46118 | S15: =IF(ISBLANK(E15),"",E15) -> - | U15: =IF( OR(ISBLANK(G15),G15=""),"", G15) | W15: {=IFERROR(IF(Q15="ac"+ISNUMBER(SEARCH("'",V15))+U15="","", IF(ISNUMBER(SEARCH("lw",V15)), I15 + SUBSTITUTE(V15,"lw+",""), MROUND(SWITCH(Q15,"sq",U$7,"bn",V$7,"dl",W$7,"")*IF(V15>10, V15/100, VLOOKUP(V15, _rpe,SUBSTITUTE(U15,"+","")+1,0)), IF( SWITCH(Q15,"sq",U$7,"bn",V$7,"dl", W$7,"")< IF(_uom="lbs", 175, 80), 1.25, IF(_uom="lbs",5,2.5))))), "")} | AA15: =IFERROR(__xludf.DUMMYFUNCTION("IF(W15=MAX(FILTER(W$10:W$199,LOOKUP(ROW(Q$10:Q$199),FILTER(ROW(Q$10:Q$199),Q$10:Q$199<>Q$9:Q$198))=LOOKUP(ROW(Q15),FILTER(ROW(Q$10:Q$199),Q$10:Q$199<>Q$9:Q$198)))),X15,)"),"") | AD15: =IF(ISBLANK(P15),"",P15) | AE15: =IFERROR(__xludf.DUMMYFUNCTION("""COMPUTED_VALUE"""),"bn") -> bn | AF15: 46125 | AG15: =IF(ISBLANK(S15),"",S15) -> - | AH15: =IF(ISBLANK(T15),"",T15) | AI15: =IF( OR(ISBLANK(U15),U15=""),"", U15) | AK15: {=IFERROR(IF(AE15="ac"+ISNUMBER(SEARCH("'",AJ15))+AI15="","", IF(ISNUMBER(SEARCH("lw",AJ15)), W15 + SUBSTITUTE(AJ15,"lw+",""), MROUND(SWITCH(AE15,"sq",AI$7,"bn",AJ$7,"dl",AK$7,"")*IF(AJ15>10, AJ15/100, VLOOKUP(AJ15, _rpe,SUBSTITUTE(AI15,"+","")+1,0)), IF( SWITCH(AE15,"sq",AI$7,"bn",AJ$7,"dl", AK$7,"")< IF(_uom="lbs", 175, 80), 1.25, IF(_uom="lbs",5,2.5))))), "")} | AO15: =IFERROR(__xludf.DUMMYFUNCTION("IF(AK15=MAX(FILTER(AK$10:AK$199,LOOKUP(ROW(AE$10:AE$199),FILTER(ROW(AE$10:AE$199),AE$10:AE$199<>AE$9:AE$198))=LOOKUP(ROW(AE15),FILTER(ROW(AE$10:AE$199),AE$10:AE$199<>AE$9:AE$198)))),AL15,)"),"") | AR15: =IF(ISBLANK(AD15),"",AD15) | AS15: =IFERROR(__xludf.DUMMYFUNCTION("""COMPUTED_VALUE"""),"bn") -> bn | AT15: 46132 | AU15: =IF(ISBLANK(AG15),"",AG15) -> - | AV15: =IF(ISBLANK(AH15),"",AH15) | AY15: {=IFERROR(IF(AS15="ac"+ISNUMBER(SEARCH("'",AX15))+AW15="","", IF(ISNUMBER(SEARCH("lw",AX15)), AK15 + SUBSTITUTE(AX15,"lw+",""), MROUND(SWITCH(AS15,"sq",AW$7,"bn",AX$7,"dl",AY$7,"")*IF(AX15>10, AX15/100, VLOOKUP(AX15, _rpe,SUBSTITUTE(AW15,"+","")+1,0)), IF( SWITCH(AS15,"sq",AW$7,"bn",AX$7,"dl", AY$7,"")< IF(_uom="lbs", 175, 80), 1.25, IF(_uom="lbs",5,2.5))))), "")} | BC15: =IFERROR(__xludf.DUMMYFUNCTION("IF(AY15=MAX(FILTER(AY$10:AY$199,LOOKUP(ROW(AS$10:AS$199),FILTER(ROW(AS$10:AS$199),AS$10:AS$199<>AS$9:AS$198))=LOOKUP(ROW(AS15),FILTER(ROW(AS$10:AS$199),AS$10:AS$199<>AS$9:AS$198)))),AZ15,)"),"") | BF15: =IF(ISBLANK(AR15),"",AR15) | BG15: =IFERROR(__xludf.DUMMYFUNCTION("""COMPUTED_VALUE"""),"bn") -> bn | BH15: 46139 | BI15: =IF(ISBLANK(AU15),"",AU15) -> - | BM15: {=IFERROR(IF(BG15="ac"+ISNUMBER(SEARCH("'",BL15))+BK15="","", IF(ISNUMBER(SEARCH("lw",BL15)), AY15 + SUBSTITUTE(BL15,"lw+",""), MROUND(SWITCH(BG15,"sq",BK$7,"bn",BL$7,"dl",BM$7,"")*IF(BL15>10, BL15/100, VLOOKUP(BL15, _rpe,SUBSTITUTE(BK15,"+","")+1,0)), IF( SWITCH(BG15,"sq",BK$7,"bn",BL$7,"dl", BM$7,"")< IF(_uom="lbs", 175, 80), 1.25, IF(_uom="lbs",5,2.5))))), "")} | BQ15: =IFERROR(__xludf.DUMMYFUNCTION("IF(BM15=MAX(FILTER(BM$10:BM$199,LOOKUP(ROW(BG$10:BG$199),FILTER(ROW(BG$10:BG$199),BG$10:BG$199<>BG$9:BG$198))=LOOKUP(ROW(BG15),FILTER(ROW(BG$10:BG$199),BG$10:BG$199<>BG$9:BG$198)))),BN15,)"),"") | BT15: =IF(ISBLANK(BF15),"",BF15) | BU15: =IFERROR(__xludf.DUMMYFUNCTION("""COMPUTED_VALUE"""),"bn") -> bn | BV15: 46146 | BW15: =IF(ISBLANK(BI15),"",BI15) -> - | CA15: {=IFERROR(IF(BU15="ac"+ISNUMBER(SEARCH("'",BZ15))+BY15="","", IF(ISNUMBER(SEARCH("lw",BZ15)), BM15 + SUBSTITUTE(BZ15,"lw+",""), MROUND(SWITCH(BU15,"sq",BY$7,"bn",BZ$7,"dl",CA$7,"")*IF(BZ15>10, BZ15/100, VLOOKUP(BZ15, _rpe,SUBSTITUTE(BY15,"+","")+1,0)), IF( SWITCH(BU15,"sq",BY$7,"bn",BZ$7,"dl", CA$7,"")< IF(_uom="lbs", 175, 80), 1.25, IF(_uom="lbs",5,2.5))))), "")} | CE15: =IFERROR(__xludf.DUMMYFUNCTION("IF(CA15=MAX(FILTER(CA$10:CA$199,LOOKUP(ROW(BU$10:BU$199),FILTER(ROW(BU$10:BU$199),BU$10:BU$199<>BU$9:BU$198))=LOOKUP(ROW(BU15),FILTER(ROW(BU$10:BU$199),BU$10:BU$199<>BU$9:BU$198)))),CB15,)"),"") | CH15: =IF(ISBLANK(BT15),"",BT15) | CI15: =IFERROR(__xludf.DUMMYFUNCTION("""COMPUTED_VALUE"""),"bn") -> bn | CJ15: 46153 | CK15: =IF(ISBLANK(BW15),"",BW15) -> - | CM15: =IF( OR(ISBLANK(BY15),BY15=""),"", BY15) | CO15: {=IFERROR(IF(CI15="ac"+ISNUMBER(SEARCH("'",CN15))+CM15="","", IF(ISNUMBER(SEARCH("lw",CN15)), CA15 + SUBSTITUTE(CN15,"lw+",""), MROUND(SWITCH(CI15,"sq",CM$7,"bn",CN$7,"dl",CO$7,"")*IF(CN15>10, CN15/100, VLOOKUP(CN15, _rpe,SUBSTITUTE(CM15,"+","")+1,0)), IF( SWITCH(CI15,"sq",CM$7,"bn",CN$7,"dl", CO$7,"")< IF(_uom="lbs", 175, 80), 1.25, IF(_uom="lbs",5,2.5))))), "")} | CS15: =IFERROR(__xludf.DUMMYFUNCTION("IF(CO15=MAX(FILTER(CO$10:CO$199,LOOKUP(ROW(CI$10:CI$199),FILTER(ROW(CI$10:CI$199),CI$10:CI$199<>CI$9:CI$198))=LOOKUP(ROW(CI15),FILTER(ROW(CI$10:CI$199),CI$10:CI$199<>CI$9:CI$198)))),CP15,)"),"") | CV15: =IF(ISBLANK(CH15),"",CH15) | CW15: =IFERROR(__xludf.DUMMYFUNCTION("""COMPUTED_VALUE"""),"bn") -> bn | CX15: 46160 | CY15: =IF(ISBLANK(CK15),"",CK15) -> - | CZ15: =IF(ISBLANK(CL15),"",CL15) | DA15: =IF( OR(ISBLANK(CM15),CM15=""),"", CM15) | DC15: {=IFERROR(IF(CW15="ac"+ISNUMBER(SEARCH("'",DB15))+DA15="","", IF(ISNUMBER(SEARCH("lw",DB15)), CO15 + SUBSTITUTE(DB15,"lw+",""), MROUND(SWITCH(CW15,"sq",DA$7,"bn",DB$7,"dl",DC$7,"")*IF(DB15>10, DB15/100, VLOOKUP(DB15, _rpe,SUBSTITUTE(DA15,"+","")+1,0)), IF( SWITCH(CW15,"sq",DA$7,"bn",DB$7,"dl", DC$7,"")< IF(_uom="lbs", 175, 80), 1.25, IF(_uom="lbs",5,2.5))))), "")} | DG15: =IFERROR(__xludf.DUMMYFUNCTION("IF(DC15=MAX(FILTER(DC$10:DC$199,LOOKUP(ROW(CW$10:CW$199),FILTER(ROW(CW$10:CW$199),CW$10:CW$199<>CW$9:CW$198))=LOOKUP(ROW(CW15),FILTER(ROW(CW$10:CW$199),CW$10:CW$199<>CW$9:CW$198)))),DD15,)"),"") | DJ15: =IF(ISBLANK(CV15),"",CV15) | DK15: =IFERROR(__xludf.DUMMYFUNCTION("""COMPUTED_VALUE"""),"bn") -> bn | DL15: 46167 | DM15: =IF(ISBLANK(CY15),"",CY15) -> - | DQ15: {=IFERROR(IF(DK15="ac"+ISNUMBER(SEARCH("'",DP15))+DO15="","", IF(ISNUMBER(SEARCH("lw",DP15)), DC15 + SUBSTITUTE(DP15,"lw+",""), MROUND(SWITCH(DK15,"sq",DO$7,"bn",DP$7,"dl",DQ$7,"")*IF(DP15>10, DP15/100, VLOOKUP(DP15, _rpe,SUBSTITUTE(DO15,"+","")+1,0)), IF( SWITCH(DK15,"sq",DO$7,"bn",DP$7,"dl", DQ$7,"")< IF(_uom="lbs", 175, 80), 1.25, IF(_uom="lbs",5,2.5))))), "")} | DU15: =IFERROR(__xludf.DUMMYFUNCTION("IF(DQ15=MAX(FILTER(DQ$10:DQ$199,LOOKUP(ROW(DK$10:DK$199),FILTER(ROW(DK$10:DK$199),DK$10:DK$199<>DK$9:DK$198))=LOOKUP(ROW(DK15),FILTER(ROW(DK$10:DK$199),DK$10:DK$199<>DK$9:DK$198)))),DR15,)"),"") | IW15: =IF(ISBLANK(#REF!),"",#REF!) -> #REF! | IY15: #REF!
C16: =IFERROR(__xludf.DUMMYFUNCTION("""COMPUTED_VALUE"""),"") | D16: 46111 | I16: {=IFERROR(IF(C16="ac"+ISNUMBER(SEARCH("'",H16))+G16="","", MROUND(SWITCH(C16,"sq",'Personal Info'!$O$15,"bn",'Personal Info'!$S$15,"dl",'Personal Info'!$W$15,"")*IF(H16>10, H16/100, VLOOKUP(H16, _rpe,SUBSTITUTE(G16,"+","")+1,0)), IF( SWITCH(C16:C210,"sq",'Personal Info'!$O$15,"bn",'Personal Info'!$S$15,"dl", 'Personal Info'!$W$15,"")< IF(_uom="lbs", 175, 80), 1.25, IF(_uom="lbs",5,2.5)))),"")} | M16: =IFERROR(__xludf.DUMMYFUNCTION("IF(I16=MAX(FILTER(I$10:I$199,LOOKUP(ROW(C$10:C$199),FILTER(ROW(C$10:C$199),C$10:C$199<>C$9:C$198))=LOOKUP(ROW(C16),FILTER(ROW(C$10:C$199),C$10:C$199<>C$9:C$198)))),J16,)"),"") | P16: =IF(ISBLANK(B16),"",B16) | Q16: =IFERROR(__xludf.DUMMYFUNCTION("""COMPUTED_VALUE"""),"") | R16: 46118 | S16: =IF(ISBLANK(E16),"",E16) | T16: =IF(ISBLANK(F16),"",F16) | U16: =IF( OR(ISBLANK(G16),G16=""),"", G16) | V16: =IF(ISBLANK(H16),"",H16) | W16: {=IFERROR(IF(Q16="ac"+ISNUMBER(SEARCH("'",V16))+U16="","", IF(ISNUMBER(SEARCH("lw",V16)), I16 + SUBSTITUTE(V16,"lw+",""), MROUND(SWITCH(Q16,"sq",U$7,"bn",V$7,"dl",W$7,"")*IF(V16>10, V16/100, VLOOKUP(V16, _rpe,SUBSTITUTE(U16,"+","")+1,0)), IF( SWITCH(Q16,"sq",U$7,"bn",V$7,"dl", W$7,"")< IF(_uom="lbs", 175, 80), 1.25, IF(_uom="lbs",5,2.5))))), "")} | AA16: =IFERROR(__xludf.DUMMYFUNCTION("IF(W16=MAX(FILTER(W$10:W$199,LOOKUP(ROW(Q$10:Q$199),FILTER(ROW(Q$10:Q$199),Q$10:Q$199<>Q$9:Q$198))=LOOKUP(ROW(Q16),FILTER(ROW(Q$10:Q$199),Q$10:Q$199<>Q$9:Q$198)))),X16,)"),"") | AD16: =IF(ISBLANK(P16),"",P16) | AE16: =IFERROR(__xludf.DUMMYFUNCTION("""COMPUTED_VALUE"""),"") | AF16: 46125 | AG16: =IF(ISBLANK(S16),"",S16) | AH16: =IF(ISBLANK(T16),"",T16) | AI16: =IF( OR(ISBLANK(U16),U16=""),"", U16) | AJ16: =IF(ISBLANK(V16),"",V16) | AK16: {=IFERROR(IF(AE16="ac"+ISNUMBER(SEARCH("'",AJ16))+AI16="","", IF(ISNUMBER(SEARCH("lw",AJ16)), W16 + SUBSTITUTE(AJ16,"lw+",""), MROUND(SWITCH(AE16,"sq",AI$7,"bn",AJ$7,"dl",AK$7,"")*IF(AJ16>10, AJ16/100, VLOOKUP(AJ16, _rpe,SUBSTITUTE(AI16,"+","")+1,0)), IF( SWITCH(AE16,"sq",AI$7,"bn",AJ$7,"dl", AK$7,"")< IF(_uom="lbs", 175, 80), 1.25, IF(_uom="lbs",5,2.5))))), "")} | AO16: =IFERROR(__xludf.DUMMYFUNCTION("IF(AK16=MAX(FILTER(AK$10:AK$199,LOOKUP(ROW(AE$10:AE$199),FILTER(ROW(AE$10:AE$199),AE$10:AE$199<>AE$9:AE$198))=LOOKUP(ROW(AE16),FILTER(ROW(AE$10:AE$199),AE$10:AE$199<>AE$9:AE$198)))),AL16,)"),"") | AR16: =IF(ISBLANK(AD16),"",AD16) | AS16: =IFERROR(__xludf.DUMMYFUNCTION("""COMPUTED_VALUE"""),"") | AT16: 46132 | AU16: =IF(ISBLANK(AG16),"",AG16) | AV16: =IF(ISBLANK(AH16),"",AH16) | AW16: =IF( OR(ISBLANK(AI16),AI16=""),"", AI16) | AX16: =IF(ISBLANK(AJ16),"",AJ16) | AY16: {=IFERROR(IF(AS16="ac"+ISNUMBER(SEARCH("'",AX16))+AW16="","", IF(ISNUMBER(SEARCH("lw",AX16)), AK16 + SUBSTITUTE(AX16,"lw+",""), MROUND(SWITCH(AS16,"sq",AW$7,"bn",AX$7,"dl",AY$7,"")*IF(AX16>10, AX16/100, VLOOKUP(AX16, _rpe,SUBSTITUTE(AW16,"+","")+1,0)), IF( SWITCH(AS16,"sq",AW$7,"bn",AX$7,"dl", AY$7,"")< IF(_uom="lbs", 175, 80), 1.25, IF(_uom="lbs",5,2.5))))), "")} | BC16: =IFERROR(__xludf.DUMMYFUNCTION("IF(AY16=MAX(FILTER(AY$10:AY$199,LOOKUP(ROW(AS$10:AS$199),FILTER(ROW(AS$10:AS$199),AS$10:AS$199<>AS$9:AS$198))=LOOKUP(ROW(AS16),FILTER(ROW(AS$10:AS$199),AS$10:AS$199<>AS$9:AS$198)))),AZ16,)"),"") | BF16: =IF(ISBLANK(AR16),"",AR16) | BG16: =IFERROR(__xludf.DUMMYFUNCTION("""COMPUTED_VALUE"""),"") | BH16: 46139 | BI16: =IF(ISBLANK(AU16),"",AU16) | BJ16: =IF(ISBLANK(AV16),"",AV16) | BK16: =IF( OR(ISBLANK(AW16),AW16=""),"", AW16) | BM16: {=IFERROR(IF(BG16="ac"+ISNUMBER(SEARCH("'",BL16))+BK16="","", IF(ISNUMBER(SEARCH("lw",BL16)), AY16 + SUBSTITUTE(BL16,"lw+",""), MROUND(SWITCH(BG16,"sq",BK$7,"bn",BL$7,"dl",BM$7,"")*IF(BL16>10, BL16/100, VLOOKUP(BL16, _rpe,SUBSTITUTE(BK16,"+","")+1,0)), IF( SWITCH(BG16,"sq",BK$7,"bn",BL$7,"dl", BM$7,"")< IF(_uom="lbs", 175, 80), 1.25, IF(_uom="lbs",5,2.5))))), "")} | BQ16: =IFERROR(__xludf.DUMMYFUNCTION("IF(BM16=MAX(FILTER(BM$10:BM$199,LOOKUP(ROW(BG$10:BG$199),FILTER(ROW(BG$10:BG$199),BG$10:BG$199<>BG$9:BG$198))=LOOKUP(ROW(BG16),FILTER(ROW(BG$10:BG$199),BG$10:BG$199<>BG$9:BG$198)))),BN16,)"),"") | BT16: =IF(ISBLANK(BF16),"",BF16) | BU16: =IFERROR(__xludf.DUMMYFUNCTION("""COMPUTED_VALUE"""),"") | BV16: 46146 | BW16: =IF(ISBLANK(BI16),"",BI16) | BX16: =IF(ISBLANK(BJ16),"",BJ16) | BY16: =IF( OR(ISBLANK(BK16),BK16=""),"", BK16) | BZ16: =IF(ISBLANK(BL16),"",BL16) | CA16: {=IFERROR(IF(BU16="ac"+ISNUMBER(SEARCH("'",BZ16))+BY16="","", IF(ISNUMBER(SEARCH("lw",BZ16)), BM16 + SUBSTITUTE(BZ16,"lw+",""), MROUND(SWITCH(BU16,"sq",BY$7,"bn",BZ$7,"dl",CA$7,"")*IF(BZ16>10, BZ16/100, VLOOKUP(BZ16, _rpe,SUBSTITUTE(BY16,"+","")+1,0)), IF( SWITCH(BU16,"sq",BY$7,"bn",BZ$7,"dl", CA$7,"")< IF(_uom="lbs", 175, 80), 1.25, IF(_uom="lbs",5,2.5))))), "")} | CE16: =IFERROR(__xludf.DUMMYFUNCTION("IF(CA16=MAX(FILTER(CA$10:CA$199,LOOKUP(ROW(BU$10:BU$199),FILTER(ROW(BU$10:BU$199),BU$10:BU$199<>BU$9:BU$198))=LOOKUP(ROW(BU16),FILTER(ROW(BU$10:BU$199),BU$10:BU$199<>BU$9:BU$198)))),CB16,)"),"") | CH16: =IF(ISBLANK(BT16),"",BT16) | CI16: =IFERROR(__xludf.DUMMYFUNCTION("""COMPUTED_VALUE"""),"") | CJ16: 46153 | CK16: =IF(ISBLANK(BW16),"",BW16) | CL16: =IF(ISBLANK(BX16),"",BX16) | CM16: =IF( OR(ISBLANK(BY16),BY16=""),"", BY16) | CN16: =IF(ISBLANK(BZ16),"",BZ16) | CO16: {=IFERROR(IF(CI16="ac"+ISNUMBER(SEARCH("'",CN16))+CM16="","", IF(ISNUMBER(SEARCH("lw",CN16)), CA16 + SUBSTITUTE(CN16,"lw+",""), MROUND(SWITCH(CI16,"sq",CM$7,"bn",CN$7,"dl",CO$7,"")*IF(CN16>10, CN16/100, VLOOKUP(CN16, _rpe,SUBSTITUTE(CM16,"+","")+1,0)), IF( SWITCH(CI16,"sq",CM$7,"bn",CN$7,"dl", CO$7,"")< IF(_uom="lbs", 175, 80), 1.25, IF(_uom="lbs",5,2.5))))), "")} | CS16: =IFERROR(__xludf.DUMMYFUNCTION("IF(CO16=MAX(FILTER(CO$10:CO$199,LOOKUP(ROW(CI$10:CI$199),FILTER(ROW(CI$10:CI$199),CI$10:CI$199<>CI$9:CI$198))=LOOKUP(ROW(CI16),FILTER(ROW(CI$10:CI$199),CI$10:CI$199<>CI$9:CI$198)))),CP16,)"),"") | CV16: =IF(ISBLANK(CH16),"",CH16) | CW16: =IFERROR(__xludf.DUMMYFUNCTION("""COMPUTED_VALUE"""),"") | CX16: 46160 | CY16: =IF(ISBLANK(CK16),"",CK16) | CZ16: =IF(ISBLANK(CL16),"",CL16) | DA16: =IF( OR(ISBLANK(CM16),CM16=""),"", CM16) | DB16: =IF(ISBLANK(CN16),"",CN16) | DC16: {=IFERROR(IF(CW16="ac"+ISNUMBER(SEARCH("'",DB16))+DA16="","", IF(ISNUMBER(SEARCH("lw",DB16)), CO16 + SUBSTITUTE(DB16,"lw+",""), MROUND(SWITCH(CW16,"sq",DA$7,"bn",DB$7,"dl",DC$7,"")*IF(DB16>10, DB16/100, VLOOKUP(DB16, _rpe,SUBSTITUTE(DA16,"+","")+1,0)), IF( SWITCH(CW16,"sq",DA$7,"bn",DB$7,"dl", DC$7,"")< IF(_uom="lbs", 175, 80), 1.25, IF(_uom="lbs",5,2.5))))), "")} | DG16: =IFERROR(__xludf.DUMMYFUNCTION("IF(DC16=MAX(FILTER(DC$10:DC$199,LOOKUP(ROW(CW$10:CW$199),FILTER(ROW(CW$10:CW$199),CW$10:CW$199<>CW$9:CW$198))=LOOKUP(ROW(CW16),FILTER(ROW(CW$10:CW$199),CW$10:CW$199<>CW$9:CW$198)))),DD16,)"),"") | DJ16: =IF(ISBLANK(CV16),"",CV16) | DK16: =IFERROR(__xludf.DUMMYFUNCTION("""COMPUTED_VALUE"""),"") | DL16: 46167 | DM16: =IF(ISBLANK(CY16),"",CY16) | DN16: =IF(ISBLANK(CZ16),"",CZ16) | DO16: =IF( OR(ISBLANK(DA16),DA16=""),"", DA16) | DP16: =IF(ISBLANK(DB16),"",DB16) | DQ16: {=IFERROR(IF(DK16="ac"+ISNUMBER(SEARCH("'",DP16))+DO16="","", IF(ISNUMBER(SEARCH("lw",DP16)), DC16 + SUBSTITUTE(DP16,"lw+",""), MROUND(SWITCH(DK16,"sq",DO$7,"bn",DP$7,"dl",DQ$7,"")*IF(DP16>10, DP16/100, VLOOKUP(DP16, _rpe,SUBSTITUTE(DO16,"+","")+1,0)), IF( SWITCH(DK16,"sq",DO$7,"bn",DP$7,"dl", DQ$7,"")< IF(_uom="lbs", 175, 80), 1.25, IF(_uom="lbs",5,2.5))))), "")} | DU16: =IFERROR(__xludf.DUMMYFUNCTION("IF(DQ16=MAX(FILTER(DQ$10:DQ$199,LOOKUP(ROW(DK$10:DK$199),FILTER(ROW(DK$10:DK$199),DK$10:DK$199<>DK$9:DK$198))=LOOKUP(ROW(DK16),FILTER(ROW(DK$10:DK$199),DK$10:DK$199<>DK$9:DK$198)))),DR16,)"),"") | IW16: =IF(ISBLANK(#REF!),"",#REF!) -> #REF! | IY16: #REF!
C17: =IFERROR(__xludf.DUMMYFUNCTION("""COMPUTED_VALUE"""),"") | D17: 46111 | I17: {=IFERROR(IF(C17="ac"+ISNUMBER(SEARCH("'",H17))+G17="","", MROUND(SWITCH(C17,"sq",'Personal Info'!$O$15,"bn",'Personal Info'!$S$15,"dl",'Personal Info'!$W$15,"")*IF(H17>10, H17/100, VLOOKUP(H17, _rpe,SUBSTITUTE(G17,"+","")+1,0)), IF( SWITCH(C17:C210,"sq",'Personal Info'!$O$15,"bn",'Personal Info'!$S$15,"dl", 'Personal Info'!$W$15,"")< IF(_uom="lbs", 175, 80), 1.25, IF(_uom="lbs",5,2.5)))),"")} | M17: =IFERROR(__xludf.DUMMYFUNCTION("IF(I17=MAX(FILTER(I$10:I$199,LOOKUP(ROW(C$10:C$199),FILTER(ROW(C$10:C$199),C$10:C$199<>C$9:C$198))=LOOKUP(ROW(C17),FILTER(ROW(C$10:C$199),C$10:C$199<>C$9:C$198)))),J17,)"),"") | P17: =IF(ISBLANK(B17),"",B17) | Q17: =IFERROR(__xludf.DUMMYFUNCTION("""COMPUTED_VALUE"""),"") | R17: 46118 | S17: =IF(ISBLANK(E17),"",E17) | T17: =IF(ISBLANK(F17),"",F17) | U17: =IF( OR(ISBLANK(G17),G17=""),"", G17) | V17: =IF(ISBLANK(H17),"",H17) | W17: {=IFERROR(IF(Q17="ac"+ISNUMBER(SEARCH("'",V17))+U17="","", IF(ISNUMBER(SEARCH("lw",V17)), I17 + SUBSTITUTE(V17,"lw+",""), MROUND(SWITCH(Q17,"sq",U$7,"bn",V$7,"dl",W$7,"")*IF(V17>10, V17/100, VLOOKUP(V17, _rpe,SUBSTITUTE(U17,"+","")+1,0)), IF( SWITCH(Q17,"sq",U$7,"bn",V$7,"dl", W$7,"")< IF(_uom="lbs", 175, 80), 1.25, IF(_uom="lbs",5,2.5))))), "")} | AA17: =IFERROR(__xludf.DUMMYFUNCTION("IF(W17=MAX(FILTER(W$10:W$199,LOOKUP(ROW(Q$10:Q$199),FILTER(ROW(Q$10:Q$199),Q$10:Q$199<>Q$9:Q$198))=LOOKUP(ROW(Q17),FILTER(ROW(Q$10:Q$199),Q$10:Q$199<>Q$9:Q$198)))),X17,)"),"") | AD17: =IF(ISBLANK(P17),"",P17) | AE17: =IFERROR(__xludf.DUMMYFUNCTION("""COMPUTED_VALUE"""),"") | AF17: 46125 | AG17: =IF(ISBLANK(S17),"",S17) | AH17: =IF(ISBLANK(T17),"",T17) | AI17: =IF( OR(ISBLANK(U17),U17=""),"", U17) | AJ17: =IF(ISBLANK(V17),"",V17) | AK17: {=IFERROR(IF(AE17="ac"+ISNUMBER(SEARCH("'",AJ17))+AI17="","", IF(ISNUMBER(SEARCH("lw",AJ17)), W17 + SUBSTITUTE(AJ17,"lw+",""), MROUND(SWITCH(AE17,"sq",AI$7,"bn",AJ$7,"dl",AK$7,"")*IF(AJ17>10, AJ17/100, VLOOKUP(AJ17, _rpe,SUBSTITUTE(AI17,"+","")+1,0)), IF( SWITCH(AE17,"sq",AI$7,"bn",AJ$7,"dl", AK$7,"")< IF(_uom="lbs", 175, 80), 1.25, IF(_uom="lbs",5,2.5))))), "")} | AO17: =IFERROR(__xludf.DUMMYFUNCTION("IF(AK17=MAX(FILTER(AK$10:AK$199,LOOKUP(ROW(AE$10:AE$199),FILTER(ROW(AE$10:AE$199),AE$10:AE$199<>AE$9:AE$198))=LOOKUP(ROW(AE17),FILTER(ROW(AE$10:AE$199),AE$10:AE$199<>AE$9:AE$198)))),AL17,)"),"") | AR17: =IF(ISBLANK(AD17),"",AD17) | AS17: =IFERROR(__xludf.DUMMYFUNCTION("""COMPUTED_VALUE"""),"") | AT17: 46132 | AU17: =IF(ISBLANK(AG17),"",AG17) | AV17: =IF(ISBLANK(AH17),"",AH17) | AW17: =IF( OR(ISBLANK(AI17),AI17=""),"", AI17) | AX17: =IF(ISBLANK(AJ17),"",AJ17) | AY17: {=IFERROR(IF(AS17="ac"+ISNUMBER(SEARCH("'",AX17))+AW17="","", IF(ISNUMBER(SEARCH("lw",AX17)), AK17 + SUBSTITUTE(AX17,"lw+",""), MROUND(SWITCH(AS17,"sq",AW$7,"bn",AX$7,"dl",AY$7,"")*IF(AX17>10, AX17/100, VLOOKUP(AX17, _rpe,SUBSTITUTE(AW17,"+","")+1,0)), IF( SWITCH(AS17,"sq",AW$7,"bn",AX$7,"dl", AY$7,"")< IF(_uom="lbs", 175, 80), 1.25, IF(_uom="lbs",5,2.5))))), "")} | BC17: =IFERROR(__xludf.DUMMYFUNCTION("IF(AY17=MAX(FILTER(AY$10:AY$199,LOOKUP(ROW(AS$10:AS$199),FILTER(ROW(AS$10:AS$199),AS$10:AS$199<>AS$9:AS$198))=LOOKUP(ROW(AS17),FILTER(ROW(AS$10:AS$199),AS$10:AS$199<>AS$9:AS$198)))),AZ17,)"),"") | BF17: =IF(ISBLANK(AR17),"",AR17) | BG17: =IFERROR(__xludf.DUMMYFUNCTION("""COMPUTED_VALUE"""),"") | BH17: 46139 | BI17: =IF(ISBLANK(AU17),"",AU17) | BJ17: =IF(ISBLANK(AV17),"",AV17) | BK17: =IF( OR(ISBLANK(AW17),AW17=""),"", AW17) | BM17: {=IFERROR(IF(BG17="ac"+ISNUMBER(SEARCH("'",BL17))+BK17="","", IF(ISNUMBER(SEARCH("lw",BL17)), AY17 + SUBSTITUTE(BL17,"lw+",""), MROUND(SWITCH(BG17,"sq",BK$7,"bn",BL$7,"dl",BM$7,"")*IF(BL17>10, BL17/100, VLOOKUP(BL17, _rpe,SUBSTITUTE(BK17,"+","")+1,0)), IF( SWITCH(BG17,"sq",BK$7,"bn",BL$7,"dl", BM$7,"")< IF(_uom="lbs", 175, 80), 1.25, IF(_uom="lbs",5,2.5))))), "")} | BQ17: =IFERROR(__xludf.DUMMYFUNCTION("IF(BM17=MAX(FILTER(BM$10:BM$199,LOOKUP(ROW(BG$10:BG$199),FILTER(ROW(BG$10:BG$199),BG$10:BG$199<>BG$9:BG$198))=LOOKUP(ROW(BG17),FILTER(ROW(BG$10:BG$199),BG$10:BG$199<>BG$9:BG$198)))),BN17,)"),"") | BT17: =IF(ISBLANK(BF17),"",BF17) | BU17: =IFERROR(__xludf.DUMMYFUNCTION("""COMPUTED_VALUE"""),"") | BV17: 46146 | BW17: =IF(ISBLANK(BI17),"",BI17) | BX17: =IF(ISBLANK(BJ17),"",BJ17) | BY17: =IF( OR(ISBLANK(BK17),BK17=""),"", BK17) | BZ17: =IF(ISBLANK(BL17),"",BL17) | CA17: {=IFERROR(IF(BU17="ac"+ISNUMBER(SEARCH("'",BZ17))+BY17="","", IF(ISNUMBER(SEARCH("lw",BZ17)), BM17 + SUBSTITUTE(BZ17,"lw+",""), MROUND(SWITCH(BU17,"sq",BY$7,"bn",BZ$7,"dl",CA$7,"")*IF(BZ17>10, BZ17/100, VLOOKUP(BZ17, _rpe,SUBSTITUTE(BY17,"+","")+1,0)), IF( SWITCH(BU17,"sq",BY$7,"bn",BZ$7,"dl", CA$7,"")< IF(_uom="lbs", 175, 80), 1.25, IF(_uom="lbs",5,2.5))))), "")} | CE17: =IFERROR(__xludf.DUMMYFUNCTION("IF(CA17=MAX(FILTER(CA$10:CA$199,LOOKUP(ROW(BU$10:BU$199),FILTER(ROW(BU$10:BU$199),BU$10:BU$199<>BU$9:BU$198))=LOOKUP(ROW(BU17),FILTER(ROW(BU$10:BU$199),BU$10:BU$199<>BU$9:BU$198)))),CB17,)"),"") | CH17: =IF(ISBLANK(BT17),"",BT17) | CI17: =IFERROR(__xludf.DUMMYFUNCTION("""COMPUTED_VALUE"""),"") | CJ17: 46153 | CK17: =IF(ISBLANK(BW17),"",BW17) | CL17: =IF(ISBLANK(BX17),"",BX17) | CM17: =IF( OR(ISBLANK(BY17),BY17=""),"", BY17) | CN17: =IF(ISBLANK(BZ17),"",BZ17) | CO17: {=IFERROR(IF(CI17="ac"+ISNUMBER(SEARCH("'",CN17))+CM17="","", IF(ISNUMBER(SEARCH("lw",CN17)), CA17 + SUBSTITUTE(CN17,"lw+",""), MROUND(SWITCH(CI17,"sq",CM$7,"bn",CN$7,"dl",CO$7,"")*IF(CN17>10, CN17/100, VLOOKUP(CN17, _rpe,SUBSTITUTE(CM17,"+","")+1,0)), IF( SWITCH(CI17,"sq",CM$7,"bn",CN$7,"dl", CO$7,"")< IF(_uom="lbs", 175, 80), 1.25, IF(_uom="lbs",5,2.5))))), "")} | CS17: =IFERROR(__xludf.DUMMYFUNCTION("IF(CO17=MAX(FILTER(CO$10:CO$199,LOOKUP(ROW(CI$10:CI$199),FILTER(ROW(CI$10:CI$199),CI$10:CI$199<>CI$9:CI$198))=LOOKUP(ROW(CI17),FILTER(ROW(CI$10:CI$199),CI$10:CI$199<>CI$9:CI$198)))),CP17,)"),"") | CV17: =IF(ISBLANK(CH17),"",CH17) | CW17: =IFERROR(__xludf.DUMMYFUNCTION("""COMPUTED_VALUE"""),"") | CX17: 46160 | CY17: =IF(ISBLANK(CK17),"",CK17) | CZ17: =IF(ISBLANK(CL17),"",CL17) | DA17: =IF( OR(ISBLANK(CM17),CM17=""),"", CM17) | DB17: =IF(ISBLANK(CN17),"",CN17) | DC17: {=IFERROR(IF(CW17="ac"+ISNUMBER(SEARCH("'",DB17))+DA17="","", IF(ISNUMBER(SEARCH("lw",DB17)), CO17 + SUBSTITUTE(DB17,"lw+",""), MROUND(SWITCH(CW17,"sq",DA$7,"bn",DB$7,"dl",DC$7,"")*IF(DB17>10, DB17/100, VLOOKUP(DB17, _rpe,SUBSTITUTE(DA17,"+","")+1,0)), IF( SWITCH(CW17,"sq",DA$7,"bn",DB$7,"dl", DC$7,"")< IF(_uom="lbs", 175, 80), 1.25, IF(_uom="lbs",5,2.5))))), "")} | DG17: =IFERROR(__xludf.DUMMYFUNCTION("IF(DC17=MAX(FILTER(DC$10:DC$199,LOOKUP(ROW(CW$10:CW$199),FILTER(ROW(CW$10:CW$199),CW$10:CW$199<>CW$9:CW$198))=LOOKUP(ROW(CW17),FILTER(ROW(CW$10:CW$199),CW$10:CW$199<>CW$9:CW$198)))),DD17,)"),"") | DJ17: =IF(ISBLANK(CV17),"",CV17) | DK17: =IFERROR(__xludf.DUMMYFUNCTION("""COMPUTED_VALUE"""),"") | DL17: 46167 | DM17: =IF(ISBLANK(CY17),"",CY17) | DN17: =IF(ISBLANK(CZ17),"",CZ17) | DO17: =IF( OR(ISBLANK(DA17),DA17=""),"", DA17) | DP17: =IF(ISBLANK(DB17),"",DB17) | DQ17: {=IFERROR(IF(DK17="ac"+ISNUMBER(SEARCH("'",DP17))+DO17="","", IF(ISNUMBER(SEARCH("lw",DP17)), DC17 + SUBSTITUTE(DP17,"lw+",""), MROUND(SWITCH(DK17,"sq",DO$7,"bn",DP$7,"dl",DQ$7,"")*IF(DP17>10, DP17/100, VLOOKUP(DP17, _rpe,SUBSTITUTE(DO17,"+","")+1,0)), IF( SWITCH(DK17,"sq",DO$7,"bn",DP$7,"dl", DQ$7,"")< IF(_uom="lbs", 175, 80), 1.25, IF(_uom="lbs",5,2.5))))), "")} | DU17: =IFERROR(__xludf.DUMMYFUNCTION("IF(DQ17=MAX(FILTER(DQ$10:DQ$199,LOOKUP(ROW(DK$10:DK$199),FILTER(ROW(DK$10:DK$199),DK$10:DK$199<>DK$9:DK$198))=LOOKUP(ROW(DK17),FILTER(ROW(DK$10:DK$199),DK$10:DK$199<>DK$9:DK$198)))),DR17,)"),"") | IW17: =IF(ISBLANK(#REF!),"",#REF!) -> #REF! | IY17: #REF!
B18: chest/tricep acc | C18: =IFERROR(__xludf.DUMMYFUNCTION("""COMPUTED_VALUE"""),"bn") -> bn | D18: 46111 | E18: Close Grip Bench Press | F18: 3 | G18: 6 | H18: @7 | I18: {=IFERROR(IF(C18="ac"+ISNUMBER(SEARCH("'",H18))+G18="","", MROUND(SWITCH(C18,"sq",'Personal Info'!$O$15,"bn",'Personal Info'!$S$15,"dl",'Personal Info'!$W$15,"")*IF(H18>10, H18/100, VLOOKUP(H18, _rpe,SUBSTITUTE(G18,"+","")+1,0)), IF( SWITCH(C18:C210,"sq",'Personal Info'!$O$15,"bn",'Personal Info'!$S$15,"dl", 'Personal Info'!$W$15,"")< IF(_uom="lbs", 175, 80), 1.25, IF(_uom="lbs",5,2.5)))),"")} | M18: =IFERROR(__xludf.DUMMYFUNCTION("IF(I18=MAX(FILTER(I$10:I$199,LOOKUP(ROW(C$10:C$199),FILTER(ROW(C$10:C$199),C$10:C$199<>C$9:C$198))=LOOKUP(ROW(C18),FILTER(ROW(C$10:C$199),C$10:C$199<>C$9:C$198)))),J18,)"),"") | P18: =IF(ISBLANK(B18),"",B18) -> chest/tricep acc | Q18: =IFERROR(__xludf.DUMMYFUNCTION("""COMPUTED_VALUE"""),"bn") -> bn | R18: 46118 | S18: =IF(ISBLANK(E18),"",E18) -> Close Grip Bench Press | T18: 3 | U18: 6 | V18: @7.5 | W18: {=IFERROR(IF(Q18="ac"+ISNUMBER(SEARCH("'",V18))+U18="","", IF(ISNUMBER(SEARCH("lw",V18)), I18 + SUBSTITUTE(V18,"lw+",""), MROUND(SWITCH(Q18,"sq",U$7,"bn",V$7,"dl",W$7,"")*IF(V18>10, V18/100, VLOOKUP(V18, _rpe,SUBSTITUTE(U18,"+","")+1,0)), IF( SWITCH(Q18,"sq",U$7,"bn",V$7,"dl", W$7,"")< IF(_uom="lbs", 175, 80), 1.25, IF(_uom="lbs",5,2.5))))), "")} | AA18: =IFERROR(__xludf.DUMMYFUNCTION("IF(W18=MAX(FILTER(W$10:W$199,LOOKUP(ROW(Q$10:Q$199),FILTER(ROW(Q$10:Q$199),Q$10:Q$199<>Q$9:Q$198))=LOOKUP(ROW(Q18),FILTER(ROW(Q$10:Q$199),Q$10:Q$199<>Q$9:Q$198)))),X18,)"),"") | AD18: =IF(ISBLANK(P18),"",P18) -> chest/tricep acc | AE18: =IFERROR(__xludf.DUMMYFUNCTION("""COMPUTED_VALUE"""),"bn") -> bn | AF18: 46125 | AG18: =IF(ISBLANK(S18),"",S18) -> Close Grip Bench Press | AH18: 3 | AI18: 6 | AJ18: @8 | AK18: {=IFERROR(IF(AE18="ac"+ISNUMBER(SEARCH("'",AJ18))+AI18="","", IF(ISNUMBER(SEARCH("lw",AJ18)), W18 + SUBSTITUTE(AJ18,"lw+",""), MROUND(SWITCH(AE18,"sq",AI$7,"bn",AJ$7,"dl",AK$7,"")*IF(AJ18>10, AJ18/100, VLOOKUP(AJ18, _rpe,SUBSTITUTE(AI18,"+","")+1,0)), IF( SWITCH(AE18,"sq",AI$7,"bn",AJ$7,"dl", AK$7,"")< IF(_uom="lbs", 175, 80), 1.25, IF(_uom="lbs",5,2.5))))), "")} | AO18: =IFERROR(__xludf.DUMMYFUNCTION("IF(AK18=MAX(FILTER(AK$10:AK$199,LOOKUP(ROW(AE$10:AE$199),FILTER(ROW(AE$10:AE$199),AE$10:AE$199<>AE$9:AE$198))=LOOKUP(ROW(AE18),FILTER(ROW(AE$10:AE$199),AE$10:AE$199<>AE$9:AE$198)))),AL18,)"),"") | AR18: =IF(ISBLANK(AD18),"",AD18) -> chest/tricep acc | AS18: =IFERROR(__xludf.DUMMYFUNCTION("""COMPUTED_VALUE"""),"bn") -> bn | AT18: 46132 | AU18: =IF(ISBLANK(AG18),"",AG18) -> Close Grip Bench Press | AV18: =IF(ISBLANK(AH18),"",AH18) -> 3 | AW18: 6 | AX18: @8.5 | AY18: {=IFERROR(IF(AS18="ac"+ISNUMBER(SEARCH("'",AX18))+AW18="","", IF(ISNUMBER(SEARCH("lw",AX18)), AK18 + SUBSTITUTE(AX18,"lw+",""), MROUND(SWITCH(AS18,"sq",AW$7,"bn",AX$7,"dl",AY$7,"")*IF(AX18>10, AX18/100, VLOOKUP(AX18, _rpe,SUBSTITUTE(AW18,"+","")+1,0)), IF( SWITCH(AS18,"sq",AW$7,"bn",AX$7,"dl", AY$7,"")< IF(_uom="lbs", 175, 80), 1.25, IF(_uom="lbs",5,2.5))))), "")} | BC18: =IFERROR(__xludf.DUMMYFUNCTION("IF(AY18=MAX(FILTER(AY$10:AY$199,LOOKUP(ROW(AS$10:AS$199),FILTER(ROW(AS$10:AS$199),AS$10:AS$199<>AS$9:AS$198))=LOOKUP(ROW(AS18),FILTER(ROW(AS$10:AS$199),AS$10:AS$199<>AS$9:AS$198)))),AZ18,)"),"") | BF18: =IF(ISBLANK(AR18),"",AR18) -> chest/tricep acc | BG18: =IFERROR(__xludf.DUMMYFUNCTION("""COMPUTED_VALUE"""),"bn") -> bn | BH18: 46139 | BI18: =IF(ISBLANK(AU18),"",AU18) -> Close Grip Bench Press | BJ18: 2 | BK18: 5 | BL18: @7 | BM18: {=IFERROR(IF(BG18="ac"+ISNUMBER(SEARCH("'",BL18))+BK18="","", IF(ISNUMBER(SEARCH("lw",BL18)), AY18 + SUBSTITUTE(BL18,"lw+",""), MROUND(SWITCH(BG18,"sq",BK$7,"bn",BL$7,"dl",BM$7,"")*IF(BL18>10, BL18/100, VLOOKUP(BL18, _rpe,SUBSTITUTE(BK18,"+","")+1,0)), IF( SWITCH(BG18,"sq",BK$7,"bn",BL$7,"dl", BM$7,"")< IF(_uom="lbs", 175, 80), 1.25, IF(_uom="lbs",5,2.5))))), "")} | BQ18: =IFERROR(__xludf.DUMMYFUNCTION("IF(BM18=MAX(FILTER(BM$10:BM$199,LOOKUP(ROW(BG$10:BG$199),FILTER(ROW(BG$10:BG$199),BG$10:BG$199<>BG$9:BG$198))=LOOKUP(ROW(BG18),FILTER(ROW(BG$10:BG$199),BG$10:BG$199<>BG$9:BG$198)))),BN18,)"),"") | BT18: =IF(ISBLANK(BF18),"",BF18) -> chest/tricep acc | BU18: =IFERROR(__xludf.DUMMYFUNCTION("""COMPUTED_VALUE"""),"bn") -> bn | BV18: 46146 | BW18: =IF(ISBLANK(BI18),"",BI18) -> Close Grip Bench Press | BX18: 3 | BY18: 5 | BZ18: @7 | CA18: {=IFERROR(IF(BU18="ac"+ISNUMBER(SEARCH("'",BZ18))+BY18="","", IF(ISNUMBER(SEARCH("lw",BZ18)), BM18 + SUBSTITUTE(BZ18,"lw+",""), MROUND(SWITCH(BU18,"sq",BY$7,"bn",BZ$7,"dl",CA$7,"")*IF(BZ18>10, BZ18/100, VLOOKUP(BZ18, _rpe,SUBSTITUTE(BY18,"+","")+1,0)), IF( SWITCH(BU18,"sq",BY$7,"bn",BZ$7,"dl", CA$7,"")< IF(_uom="lbs", 175, 80), 1.25, IF(_uom="lbs",5,2.5))))), "")} | CE18: =IFERROR(__xludf.DUMMYFUNCTION("IF(CA18=MAX(FILTER(CA$10:CA$199,LOOKUP(ROW(BU$10:BU$199),FILTER(ROW(BU$10:BU$199),BU$10:BU$199<>BU$9:BU$198))=LOOKUP(ROW(BU18),FILTER(ROW(BU$10:BU$199),BU$10:BU$199<>BU$9:BU$198)))),CB18,)"),"") | CH18: =IF(ISBLANK(BT18),"",BT18) -> chest/tricep acc | CI18: =IFERROR(__xludf.DUMMYFUNCTION("""COMPUTED_VALUE"""),"bn") -> bn | CJ18: 46153 | CK18: =IF(ISBLANK(BW18),"",BW18) -> Close Grip Bench Press | CL18: 3 | CM18: 5 | CN18: @7 | CO18: {=IFERROR(IF(CI18="ac"+ISNUMBER(SEARCH("'",CN18))+CM18="","", IF(ISNUMBER(SEARCH("lw",CN18)), CA18 + SUBSTITUTE(CN18,"lw+",""), MROUND(SWITCH(CI18,"sq",CM$7,"bn",CN$7,"dl",CO$7,"")*IF(CN18>10, CN18/100, VLOOKUP(CN18, _rpe,SUBSTITUTE(CM18,"+","")+1,0)), IF( SWITCH(CI18,"sq",CM$7,"bn",CN$7,"dl", CO$7,"")< IF(_uom="lbs", 175, 80), 1.25, IF(_uom="lbs",5,2.5))))), "")} | CS18: =IFERROR(__xludf.DUMMYFUNCTION("IF(CO18=MAX(FILTER(CO$10:CO$199,LOOKUP(ROW(CI$10:CI$199),FILTER(ROW(CI$10:CI$199),CI$10:CI$199<>CI$9:CI$198))=LOOKUP(ROW(CI18),FILTER(ROW(CI$10:CI$199),CI$10:CI$199<>CI$9:CI$198)))),CP18,)"),"") | CV18: =IF(ISBLANK(CH18),"",CH18) -> chest/tricep acc | CW18: =IFERROR(__xludf.DUMMYFUNCTION("""COMPUTED_VALUE"""),"bn") -> bn | CX18: 46160 | CY18: =IF(ISBLANK(CK18),"",CK18) -> Close Grip Bench Press | CZ18: 3 | DA18: 5 | DB18: @7 | DC18: {=IFERROR(IF(CW18="ac"+ISNUMBER(SEARCH("'",DB18))+DA18="","", IF(ISNUMBER(SEARCH("lw",DB18)), CO18 + SUBSTITUTE(DB18,"lw+",""), MROUND(SWITCH(CW18,"sq",DA$7,"bn",DB$7,"dl",DC$7,"")*IF(DB18>10, DB18/100, VLOOKUP(DB18, _rpe,SUBSTITUTE(DA18,"+","")+1,0)), IF( SWITCH(CW18,"sq",DA$7,"bn",DB$7,"dl", DC$7,"")< IF(_uom="lbs", 175, 80), 1.25, IF(_uom="lbs",5,2.5))))), "")} | DG18: =IFERROR(__xludf.DUMMYFUNCTION("IF(DC18=MAX(FILTER(DC$10:DC$199,LOOKUP(ROW(CW$10:CW$199),FILTER(ROW(CW$10:CW$199),CW$10:CW$199<>CW$9:CW$198))=LOOKUP(ROW(CW18),FILTER(ROW(CW$10:CW$199),CW$10:CW$199<>CW$9:CW$198)))),DD18,)"),"") | DJ18: =IF(ISBLANK(CV18),"",CV18) -> chest/tricep acc | DK18: =IFERROR(__xludf.DUMMYFUNCTION("""COMPUTED_VALUE"""),"bn") -> bn | DL18: 46167 | DM18: =IF(ISBLANK(CY18),"",CY18) -> Close Grip Bench Press | DN18: =IF(ISBLANK(CZ18),"",CZ18) -> 3 | DO18: 5 | DP18: @7 | DQ18: {=IFERROR(IF(DK18="ac"+ISNUMBER(SEARCH("'",DP18))+DO18="","", IF(ISNUMBER(SEARCH("lw",DP18)), DC18 + SUBSTITUTE(DP18,"lw+",""), MROUND(SWITCH(DK18,"sq",DO$7,"bn",DP$7,"dl",DQ$7,"")*IF(DP18>10, DP18/100, VLOOKUP(DP18, _rpe,SUBSTITUTE(DO18,"+","")+1,0)), IF( SWITCH(DK18,"sq",DO$7,"bn",DP$7,"dl", DQ$7,"")< IF(_uom="lbs", 175, 80), 1.25, IF(_uom="lbs",5,2.5))))), "")} | DU18: =IFERROR(__xludf.DUMMYFUNCTION("IF(DQ18=MAX(FILTER(DQ$10:DQ$199,LOOKUP(ROW(DK$10:DK$199),FILTER(ROW(DK$10:DK$199),DK$10:DK$199<>DK$9:DK$198))=LOOKUP(ROW(DK18),FILTER(ROW(DK$10:DK$199),DK$10:DK$199<>DK$9:DK$198)))),DR18,)"),"") | IW18: =IF(ISBLANK(#REF!),"",#REF!) -> #REF! | IY18: #REF!
C19: =IFERROR(__xludf.DUMMYFUNCTION("""COMPUTED_VALUE"""),"") | D19: 46111 | I19: {=IFERROR(IF(C19="ac"+ISNUMBER(SEARCH("'",H19))+G19="","", MROUND(SWITCH(C19,"sq",'Personal Info'!$O$15,"bn",'Personal Info'!$S$15,"dl",'Personal Info'!$W$15,"")*IF(H19>10, H19/100, VLOOKUP(H19, _rpe,SUBSTITUTE(G19,"+","")+1,0)), IF( SWITCH(C19:C210,"sq",'Personal Info'!$O$15,"bn",'Personal Info'!$S$15,"dl", 'Personal Info'!$W$15,"")< IF(_uom="lbs", 175, 80), 1.25, IF(_uom="lbs",5,2.5)))),"")} | M19: =IFERROR(__xludf.DUMMYFUNCTION("IF(I19=MAX(FILTER(I$10:I$199,LOOKUP(ROW(C$10:C$199),FILTER(ROW(C$10:C$199),C$10:C$199<>C$9:C$198))=LOOKUP(ROW(C19),FILTER(ROW(C$10:C$199),C$10:C$199<>C$9:C$198)))),J19,)"),"") | P19: =IF(ISBLANK(B19),"",B19) | Q19: =IFERROR(__xludf.DUMMYFUNCTION("""COMPUTED_VALUE"""),"") | R19: 46118 | S19: =IF(ISBLANK(E19),"",E19) | T19: =IF(ISBLANK(F19),"",F19) | U19: =IF( OR(ISBLANK(G19),G19=""),"", G19) | V19: =IF(ISBLANK(H19),"",H19) | W19: {=IFERROR(IF(Q19="ac"+ISNUMBER(SEARCH("'",V19))+U19="","", IF(ISNUMBER(SEARCH("lw",V19)), I19 + SUBSTITUTE(V19,"lw+",""), MROUND(SWITCH(Q19,"sq",U$7,"bn",V$7,"dl",W$7,"")*IF(V19>10, V19/100, VLOOKUP(V19, _rpe,SUBSTITUTE(U19,"+","")+1,0)), IF( SWITCH(Q19,"sq",U$7,"bn",V$7,"dl", W$7,"")< IF(_uom="lbs", 175, 80), 1.25, IF(_uom="lbs",5,2.5))))), "")} | AA19: =IFERROR(__xludf.DUMMYFUNCTION("IF(W19=MAX(FILTER(W$10:W$199,LOOKUP(ROW(Q$10:Q$199),FILTER(ROW(Q$10:Q$199),Q$10:Q$199<>Q$9:Q$198))=LOOKUP(ROW(Q19),FILTER(ROW(Q$10:Q$199),Q$10:Q$199<>Q$9:Q$198)))),X19,)"),"") | AD19: =IF(ISBLANK(P19),"",P19) | AE19: =IFERROR(__xludf.DUMMYFUNCTION("""COMPUTED_VALUE"""),"") | AF19: 46125 | AG19: =IF(ISBLANK(S19),"",S19) | AH19: =IF(ISBLANK(T19),"",T19) | AI19: =IF( OR(ISBLANK(U19),U19=""),"", U19) | AJ19: =IF(ISBLANK(V19),"",V19) | AK19: {=IFERROR(IF(AE19="ac"+ISNUMBER(SEARCH("'",AJ19))+AI19="","", IF(ISNUMBER(SEARCH("lw",AJ19)), W19 + SUBSTITUTE(AJ19,"lw+",""), MROUND(SWITCH(AE19,"sq",AI$7,"bn",AJ$7,"dl",AK$7,"")*IF(AJ19>10, AJ19/100, VLOOKUP(AJ19, _rpe,SUBSTITUTE(AI19,"+","")+1,0)), IF( SWITCH(AE19,"sq",AI$7,"bn",AJ$7,"dl", AK$7,"")< IF(_uom="lbs", 175, 80), 1.25, IF(_uom="lbs",5,2.5))))), "")} | AO19: =IFERROR(__xludf.DUMMYFUNCTION("IF(AK19=MAX(FILTER(AK$10:AK$199,LOOKUP(ROW(AE$10:AE$199),FILTER(ROW(AE$10:AE$199),AE$10:AE$199<>AE$9:AE$198))=LOOKUP(ROW(AE19),FILTER(ROW(AE$10:AE$199),AE$10:AE$199<>AE$9:AE$198)))),AL19,)"),"") | AR19: =IF(ISBLANK(AD19),"",AD19) | AS19: =IFERROR(__xludf.DUMMYFUNCTION("""COMPUTED_VALUE"""),"") | AT19: 46132 | AU19: =IF(ISBLANK(AG19),"",AG19) | AV19: =IF(ISBLANK(AH19),"",AH19) | AW19: =IF( OR(ISBLANK(AI19),AI19=""),"", AI19) | AX19: =IF(ISBLANK(AJ19),"",AJ19) | AY19: {=IFERROR(IF(AS19="ac"+ISNUMBER(SEARCH("'",AX19))+AW19="","", IF(ISNUMBER(SEARCH("lw",AX19)), AK19 + SUBSTITUTE(AX19,"lw+",""), MROUND(SWITCH(AS19,"sq",AW$7,"bn",AX$7,"dl",AY$7,"")*IF(AX19>10, AX19/100, VLOOKUP(AX19, _rpe,SUBSTITUTE(AW19,"+","")+1,0)), IF( SWITCH(AS19,"sq",AW$7,"bn",AX$7,"dl", AY$7,"")< IF(_uom="lbs", 175, 80), 1.25, IF(_uom="lbs",5,2.5))))), "")} | BC19: =IFERROR(__xludf.DUMMYFUNCTION("IF(AY19=MAX(FILTER(AY$10:AY$199,LOOKUP(ROW(AS$10:AS$199),FILTER(ROW(AS$10:AS$199),AS$10:AS$199<>AS$9:AS$198))=LOOKUP(ROW(AS19),FILTER(ROW(AS$10:AS$199),AS$10:AS$199<>AS$9:AS$198)))),AZ19,)"),"") | BF19: =IF(ISBLANK(AR19),"",AR19) | BG19: =IFERROR(__xludf.DUMMYFUNCTION("""COMPUTED_VALUE"""),"") | BH19: 46139 | BI19: =IF(ISBLANK(AU19),"",AU19) | BJ19: =IF(ISBLANK(AV19),"",AV19) | BK19: =IF( OR(ISBLANK(AW19),AW19=""),"", AW19) | BL19: =IF(ISBLANK(AX19),"",AX19) | BM19: {=IFERROR(IF(BG19="ac"+ISNUMBER(SEARCH("'",BL19))+BK19="","", IF(ISNUMBER(SEARCH("lw",BL19)), AY19 + SUBSTITUTE(BL19,"lw+",""), MROUND(SWITCH(BG19,"sq",BK$7,"bn",BL$7,"dl",BM$7,"")*IF(BL19>10, BL19/100, VLOOKUP(BL19, _rpe,SUBSTITUTE(BK19,"+","")+1,0)), IF( SWITCH(BG19,"sq",BK$7,"bn",BL$7,"dl", BM$7,"")< IF(_uom="lbs", 175, 80), 1.25, IF(_uom="lbs",5,2.5))))), "")} | BQ19: =IFERROR(__xludf.DUMMYFUNCTION("IF(BM19=MAX(FILTER(BM$10:BM$199,LOOKUP(ROW(BG$10:BG$199),FILTER(ROW(BG$10:BG$199),BG$10:BG$199<>BG$9:BG$198))=LOOKUP(ROW(BG19),FILTER(ROW(BG$10:BG$199),BG$10:BG$199<>BG$9:BG$198)))),BN19,)"),"") | BT19: =IF(ISBLANK(BF19),"",BF19) | BU19: =IFERROR(__xludf.DUMMYFUNCTION("""COMPUTED_VALUE"""),"") | BV19: 46146 | BW19: =IF(ISBLANK(BI19),"",BI19) | BX19: =IF(ISBLANK(BJ19),"",BJ19) | BY19: =IF( OR(ISBLANK(BK19),BK19=""),"", BK19) | BZ19: =IF(ISBLANK(BL19),"",BL19) | CA19: {=IFERROR(IF(BU19="ac"+ISNUMBER(SEARCH("'",BZ19))+BY19="","", IF(ISNUMBER(SEARCH("lw",BZ19)), BM19 + SUBSTITUTE(BZ19,"lw+",""), MROUND(SWITCH(BU19,"sq",BY$7,"bn",BZ$7,"dl",CA$7,"")*IF(BZ19>10, BZ19/100, VLOOKUP(BZ19, _rpe,SUBSTITUTE(BY19,"+","")+1,0)), IF( SWITCH(BU19,"sq",BY$7,"bn",BZ$7,"dl", CA$7,"")< IF(_uom="lbs", 175, 80), 1.25, IF(_uom="lbs",5,2.5))))), "")} | CE19: =IFERROR(__xludf.DUMMYFUNCTION("IF(CA19=MAX(FILTER(CA$10:CA$199,LOOKUP(ROW(BU$10:BU$199),FILTER(ROW(BU$10:BU$199),BU$10:BU$199<>BU$9:BU$198))=LOOKUP(ROW(BU19),FILTER(ROW(BU$10:BU$199),BU$10:BU$199<>BU$9:BU$198)))),CB19,)"),"") | CH19: =IF(ISBLANK(BT19),"",BT19) | CI19: =IFERROR(__xludf.DUMMYFUNCTION("""COMPUTED_VALUE"""),"") | CJ19: 46153 | CK19: =IF(ISBLANK(BW19),"",BW19) | CL19: =IF(ISBLANK(BX19),"",BX19) | CM19: =IF( OR(ISBLANK(BY19),BY19=""),"", BY19) | CN19: =IF(ISBLANK(BZ19),"",BZ19) | CO19: {=IFERROR(IF(CI19="ac"+ISNUMBER(SEARCH("'",CN19))+CM19="","", IF(ISNUMBER(SEARCH("lw",CN19)), CA19 + SUBSTITUTE(CN19,"lw+",""), MROUND(SWITCH(CI19,"sq",CM$7,"bn",CN$7,"dl",CO$7,"")*IF(CN19>10, CN19/100, VLOOKUP(CN19, _rpe,SUBSTITUTE(CM19,"+","")+1,0)), IF( SWITCH(CI19,"sq",CM$7,"bn",CN$7,"dl", CO$7,"")< IF(_uom="lbs", 175, 80), 1.25, IF(_uom="lbs",5,2.5))))), "")} | CS19: =IFERROR(__xludf.DUMMYFUNCTION("IF(CO19=MAX(FILTER(CO$10:CO$199,LOOKUP(ROW(CI$10:CI$199),FILTER(ROW(CI$10:CI$199),CI$10:CI$199<>CI$9:CI$198))=LOOKUP(ROW(CI19),FILTER(ROW(CI$10:CI$199),CI$10:CI$199<>CI$9:CI$198)))),CP19,)"),"") | CV19: =IF(ISBLANK(CH19),"",CH19) | CW19: =IFERROR(__xludf.DUMMYFUNCTION("""COMPUTED_VALUE"""),"") | CX19: 46160 | CY19: =IF(ISBLANK(CK19),"",CK19) | CZ19: =IF(ISBLANK(CL19),"",CL19) | DA19: =IF( OR(ISBLANK(CM19),CM19=""),"", CM19) | DB19: =IF(ISBLANK(CN19),"",CN19) | DC19: {=IFERROR(IF(CW19="ac"+ISNUMBER(SEARCH("'",DB19))+DA19="","", IF(ISNUMBER(SEARCH("lw",DB19)), CO19 + SUBSTITUTE(DB19,"lw+",""), MROUND(SWITCH(CW19,"sq",DA$7,"bn",DB$7,"dl",DC$7,"")*IF(DB19>10, DB19/100, VLOOKUP(DB19, _rpe,SUBSTITUTE(DA19,"+","")+1,0)), IF( SWITCH(CW19,"sq",DA$7,"bn",DB$7,"dl", DC$7,"")< IF(_uom="lbs", 175, 80), 1.25, IF(_uom="lbs",5,2.5))))), "")} | DG19: =IFERROR(__xludf.DUMMYFUNCTION("IF(DC19=MAX(FILTER(DC$10:DC$199,LOOKUP(ROW(CW$10:CW$199),FILTER(ROW(CW$10:CW$199),CW$10:CW$199<>CW$9:CW$198))=LOOKUP(ROW(CW19),FILTER(ROW(CW$10:CW$199),CW$10:CW$199<>CW$9:CW$198)))),DD19,)"),"") | DJ19: =IF(ISBLANK(CV19),"",CV19) | DK19: =IFERROR(__xludf.DUMMYFUNCTION("""COMPUTED_VALUE"""),"") | DL19: 46167 | DM19: =IF(ISBLANK(CY19),"",CY19) | DN19: =IF(ISBLANK(CZ19),"",CZ19) | DO19: =IF( OR(ISBLANK(DA19),DA19=""),"", DA19) | DP19: =IF(ISBLANK(DB19),"",DB19) | DQ19: {=IFERROR(IF(DK19="ac"+ISNUMBER(SEARCH("'",DP19))+DO19="","", IF(ISNUMBER(SEARCH("lw",DP19)), DC19 + SUBSTITUTE(DP19,"lw+",""), MROUND(SWITCH(DK19,"sq",DO$7,"bn",DP$7,"dl",DQ$7,"")*IF(DP19>10, DP19/100, VLOOKUP(DP19, _rpe,SUBSTITUTE(DO19,"+","")+1,0)), IF( SWITCH(DK19,"sq",DO$7,"bn",DP$7,"dl", DQ$7,"")< IF(_uom="lbs", 175, 80), 1.25, IF(_uom="lbs",5,2.5))))), "")} | DU19: =IFERROR(__xludf.DUMMYFUNCTION("IF(DQ19=MAX(FILTER(DQ$10:DQ$199,LOOKUP(ROW(DK$10:DK$199),FILTER(ROW(DK$10:DK$199),DK$10:DK$199<>DK$9:DK$198))=LOOKUP(ROW(DK19),FILTER(ROW(DK$10:DK$199),DK$10:DK$199<>DK$9:DK$198)))),DR19,)"),"") | IW19: =IF(ISBLANK(#REF!),"",#REF!) -> #REF! | IY19: #REF!
C20: =IFERROR(__xludf.DUMMYFUNCTION("""COMPUTED_VALUE"""),"") | D20: 46111 | I20: {=IFERROR(IF(C20="ac"+ISNUMBER(SEARCH("'",H20))+G20="","", MROUND(SWITCH(C20,"sq",'Personal Info'!$O$15,"bn",'Personal Info'!$S$15,"dl",'Personal Info'!$W$15,"")*IF(H20>10, H20/100, VLOOKUP(H20, _rpe,SUBSTITUTE(G20,"+","")+1,0)), IF( SWITCH(C20:C210,"sq",'Personal Info'!$O$15,"bn",'Personal Info'!$S$15,"dl", 'Personal Info'!$W$15,"")< IF(_uom="lbs", 175, 80), 1.25, IF(_uom="lbs",5,2.5)))),"")} | M20: =IFERROR(__xludf.DUMMYFUNCTION("IF(I20=MAX(FILTER(I$10:I$199,LOOKUP(ROW(C$10:C$199),FILTER(ROW(C$10:C$199),C$10:C$199<>C$9:C$198))=LOOKUP(ROW(C20),FILTER(ROW(C$10:C$199),C$10:C$199<>C$9:C$198)))),J20,)"),"") | P20: =IF(ISBLANK(B20),"",B20) | Q20: =IFERROR(__xludf.DUMMYFUNCTION("""COMPUTED_VALUE"""),"") | R20: 46118 | S20: =IF(ISBLANK(E20),"",E20) | T20: =IF(ISBLANK(F20),"",F20) | U20: =IF( OR(ISBLANK(G20),G20=""),"", G20) | V20: =IF(ISBLANK(H20),"",H20) | W20: {=IFERROR(IF(Q20="ac"+ISNUMBER(SEARCH("'",V20))+U20="","", IF(ISNUMBER(SEARCH("lw",V20)), I20 + SUBSTITUTE(V20,"lw+",""), MROUND(SWITCH(Q20,"sq",U$7,"bn",V$7,"dl",W$7,"")*IF(V20>10, V20/100, VLOOKUP(V20, _rpe,SUBSTITUTE(U20,"+","")+1,0)), IF( SWITCH(Q20,"sq",U$7,"bn",V$7,"dl", W$7,"")< IF(_uom="lbs", 175, 80), 1.25, IF(_uom="lbs",5,2.5))))), "")} | AA20: =IFERROR(__xludf.DUMMYFUNCTION("IF(W20=MAX(FILTER(W$10:W$199,LOOKUP(ROW(Q$10:Q$199),FILTER(ROW(Q$10:Q$199),Q$10:Q$199<>Q$9:Q$198))=LOOKUP(ROW(Q20),FILTER(ROW(Q$10:Q$199),Q$10:Q$199<>Q$9:Q$198)))),X20,)"),"") | AD20: =IF(ISBLANK(P20),"",P20) | AE20: =IFERROR(__xludf.DUMMYFUNCTION("""COMPUTED_VALUE"""),"") | AF20: 46125 | AG20: =IF(ISBLANK(S20),"",S20) | AH20: =IF(ISBLANK(T20),"",T20) | AI20: =IF( OR(ISBLANK(U20),U20=""),"", U20) | AJ20: =IF(ISBLANK(V20),"",V20) | AK20: {=IFERROR(IF(AE20="ac"+ISNUMBER(SEARCH("'",AJ20))+AI20="","", IF(ISNUMBER(SEARCH("lw",AJ20)), W20 + SUBSTITUTE(AJ20,"lw+",""), MROUND(SWITCH(AE20,"sq",AI$7,"bn",AJ$7,"dl",AK$7,"")*IF(AJ20>10, AJ20/100, VLOOKUP(AJ20, _rpe,SUBSTITUTE(AI20,"+","")+1,0)), IF( SWITCH(AE20,"sq",AI$7,"bn",AJ$7,"dl", AK$7,"")< IF(_uom="lbs", 175, 80), 1.25, IF(_uom="lbs",5,2.5))))), "")} | AO20: =IFERROR(__xludf.DUMMYFUNCTION("IF(AK20=MAX(FILTER(AK$10:AK$199,LOOKUP(ROW(AE$10:AE$199),FILTER(ROW(AE$10:AE$199),AE$10:AE$199<>AE$9:AE$198))=LOOKUP(ROW(AE20),FILTER(ROW(AE$10:AE$199),AE$10:AE$199<>AE$9:AE$198)))),AL20,)"),"") | AR20: =IF(ISBLANK(AD20),"",AD20) | AS20: =IFERROR(__xludf.DUMMYFUNCTION("""COMPUTED_VALUE"""),"") | AT20: 46132 | AU20: =IF(ISBLANK(AG20),"",AG20) | AV20: =IF(ISBLANK(AH20),"",AH20) | AW20: =IF( OR(ISBLANK(AI20),AI20=""),"", AI20) | AX20: =IF(ISBLANK(AJ20),"",AJ20) | AY20: {=IFERROR(IF(AS20="ac"+ISNUMBER(SEARCH("'",AX20))+AW20="","", IF(ISNUMBER(SEARCH("lw",AX20)), AK20 + SUBSTITUTE(AX20,"lw+",""), MROUND(SWITCH(AS20,"sq",AW$7,"bn",AX$7,"dl",AY$7,"")*IF(AX20>10, AX20/100, VLOOKUP(AX20, _rpe,SUBSTITUTE(AW20,"+","")+1,0)), IF( SWITCH(AS20,"sq",AW$7,"bn",AX$7,"dl", AY$7,"")< IF(_uom="lbs", 175, 80), 1.25, IF(_uom="lbs",5,2.5))))), "")} | BC20: =IFERROR(__xludf.DUMMYFUNCTION("IF(AY20=MAX(FILTER(AY$10:AY$199,LOOKUP(ROW(AS$10:AS$199),FILTER(ROW(AS$10:AS$199),AS$10:AS$199<>AS$9:AS$198))=LOOKUP(ROW(AS20),FILTER(ROW(AS$10:AS$199),AS$10:AS$199<>AS$9:AS$198)))),AZ20,)"),"") | BF20: =IF(ISBLANK(AR20),"",AR20) | BG20: =IFERROR(__xludf.DUMMYFUNCTION("""COMPUTED_VALUE"""),"") | BH20: 46139 | BI20: =IF(ISBLANK(AU20),"",AU20) | BJ20: =IF(ISBLANK(AV20),"",AV20) | BK20: =IF( OR(ISBLANK(AW20),AW20=""),"", AW20) | BL20: =IF(ISBLANK(AX20),"",AX20) | BM20: {=IFERROR(IF(BG20="ac"+ISNUMBER(SEARCH("'",BL20))+BK20="","", IF(ISNUMBER(SEARCH("lw",BL20)), AY20 + SUBSTITUTE(BL20,"lw+",""), MROUND(SWITCH(BG20,"sq",BK$7,"bn",BL$7,"dl",BM$7,"")*IF(BL20>10, BL20/100, VLOOKUP(BL20, _rpe,SUBSTITUTE(BK20,"+","")+1,0)), IF( SWITCH(BG20,"sq",BK$7,"bn",BL$7,"dl", BM$7,"")< IF(_uom="lbs", 175, 80), 1.25, IF(_uom="lbs",5,2.5))))), "")} | BQ20: =IFERROR(__xludf.DUMMYFUNCTION("IF(BM20=MAX(FILTER(BM$10:BM$199,LOOKUP(ROW(BG$10:BG$199),FILTER(ROW(BG$10:BG$199),BG$10:BG$199<>BG$9:BG$198))=LOOKUP(ROW(BG20),FILTER(ROW(BG$10:BG$199),BG$10:BG$199<>BG$9:BG$198)))),BN20,)"),"") | BT20: =IF(ISBLANK(BF20),"",BF20) | BU20: =IFERROR(__xludf.DUMMYFUNCTION("""COMPUTED_VALUE"""),"") | BV20: 46146 | BW20: =IF(ISBLANK(BI20),"",BI20) | BX20: =IF(ISBLANK(BJ20),"",BJ20) | BY20: =IF( OR(ISBLANK(BK20),BK20=""),"", BK20) | BZ20: =IF(ISBLANK(BL20),"",BL20) | CA20: {=IFERROR(IF(BU20="ac"+ISNUMBER(SEARCH("'",BZ20))+BY20="","", IF(ISNUMBER(SEARCH("lw",BZ20)), BM20 + SUBSTITUTE(BZ20,"lw+",""), MROUND(SWITCH(BU20,"sq",BY$7,"bn",BZ$7,"dl",CA$7,"")*IF(BZ20>10, BZ20/100, VLOOKUP(BZ20, _rpe,SUBSTITUTE(BY20,"+","")+1,0)), IF( SWITCH(BU20,"sq",BY$7,"bn",BZ$7,"dl", CA$7,"")< IF(_uom="lbs", 175, 80), 1.25, IF(_uom="lbs",5,2.5))))), "")} | CE20: =IFERROR(__xludf.DUMMYFUNCTION("IF(CA20=MAX(FILTER(CA$10:CA$199,LOOKUP(ROW(BU$10:BU$199),FILTER(ROW(BU$10:BU$199),BU$10:BU$199<>BU$9:BU$198))=LOOKUP(ROW(BU20),FILTER(ROW(BU$10:BU$199),BU$10:BU$199<>BU$9:BU$198)))),CB20,)"),"") | CH20: =IF(ISBLANK(BT20),"",BT20) | CI20: =IFERROR(__xludf.DUMMYFUNCTION("""COMPUTED_VALUE"""),"") | CJ20: 46153 | CK20: =IF(ISBLANK(BW20),"",BW20) | CL20: =IF(ISBLANK(BX20),"",BX20) | CM20: =IF( OR(ISBLANK(BY20),BY20=""),"", BY20) | CN20: =IF(ISBLANK(BZ20),"",BZ20) | CO20: {=IFERROR(IF(CI20="ac"+ISNUMBER(SEARCH("'",CN20))+CM20="","", IF(ISNUMBER(SEARCH("lw",CN20)), CA20 + SUBSTITUTE(CN20,"lw+",""), MROUND(SWITCH(CI20,"sq",CM$7,"bn",CN$7,"dl",CO$7,"")*IF(CN20>10, CN20/100, VLOOKUP(CN20, _rpe,SUBSTITUTE(CM20,"+","")+1,0)), IF( SWITCH(CI20,"sq",CM$7,"bn",CN$7,"dl", CO$7,"")< IF(_uom="lbs", 175, 80), 1.25, IF(_uom="lbs",5,2.5))))), "")} | CS20: =IFERROR(__xludf.DUMMYFUNCTION("IF(CO20=MAX(FILTER(CO$10:CO$199,LOOKUP(ROW(CI$10:CI$199),FILTER(ROW(CI$10:CI$199),CI$10:CI$199<>CI$9:CI$198))=LOOKUP(ROW(CI20),FILTER(ROW(CI$10:CI$199),CI$10:CI$199<>CI$9:CI$198)))),CP20,)"),"") | CV20: =IF(ISBLANK(CH20),"",CH20) | CW20: =IFERROR(__xludf.DUMMYFUNCTION("""COMPUTED_VALUE"""),"") | CX20: 46160 | CY20: =IF(ISBLANK(CK20),"",CK20) | CZ20: =IF(ISBLANK(CL20),"",CL20) | DA20: =IF( OR(ISBLANK(CM20),CM20=""),"", CM20) | DB20: =IF(ISBLANK(CN20),"",CN20) | DC20: {=IFERROR(IF(CW20="ac"+ISNUMBER(SEARCH("'",DB20))+DA20="","", IF(ISNUMBER(SEARCH("lw",DB20)), CO20 + SUBSTITUTE(DB20,"lw+",""), MROUND(SWITCH(CW20,"sq",DA$7,"bn",DB$7,"dl",DC$7,"")*IF(DB20>10, DB20/100, VLOOKUP(DB20, _rpe,SUBSTITUTE(DA20,"+","")+1,0)), IF( SWITCH(CW20,"sq",DA$7,"bn",DB$7,"dl", DC$7,"")< IF(_uom="lbs", 175, 80), 1.25, IF(_uom="lbs",5,2.5))))), "")} | DG20: =IFERROR(__xludf.DUMMYFUNCTION("IF(DC20=MAX(FILTER(DC$10:DC$199,LOOKUP(ROW(CW$10:CW$199),FILTER(ROW(CW$10:CW$199),CW$10:CW$199<>CW$9:CW$198))=LOOKUP(ROW(CW20),FILTER(ROW(CW$10:CW$199),CW$10:CW$199<>CW$9:CW$198)))),DD20,)"),"") | DJ20: =IF(ISBLANK(CV20),"",CV20) | DK20: =IFERROR(__xludf.DUMMYFUNCTION("""COMPUTED_VALUE"""),"") | DL20: 46167 | DM20: =IF(ISBLANK(CY20),"",CY20) | DN20: =IF(ISBLANK(CZ20),"",CZ20) | DO20: =IF( OR(ISBLANK(DA20),DA20=""),"", DA20) | DP20: =IF(ISBLANK(DB20),"",DB20) | DQ20: {=IFERROR(IF(DK20="ac"+ISNUMBER(SEARCH("'",DP20))+DO20="","", IF(ISNUMBER(SEARCH("lw",DP20)), DC20 + SUBSTITUTE(DP20,"lw+",""), MROUND(SWITCH(DK20,"sq",DO$7,"bn",DP$7,"dl",DQ$7,"")*IF(DP20>10, DP20/100, VLOOKUP(DP20, _rpe,SUBSTITUTE(DO20,"+","")+1,0)), IF( SWITCH(DK20,"sq",DO$7,"bn",DP$7,"dl", DQ$7,"")< IF(_uom="lbs", 175, 80), 1.25, IF(_uom="lbs",5,2.5))))), "")} | DU20: =IFERROR(__xludf.DUMMYFUNCTION("IF(DQ20=MAX(FILTER(DQ$10:DQ$199,LOOKUP(ROW(DK$10:DK$199),FILTER(ROW(DK$10:DK$199),DK$10:DK$199<>DK$9:DK$198))=LOOKUP(ROW(DK20),FILTER(ROW(DK$10:DK$199),DK$10:DK$199<>DK$9:DK$198)))),DR20,)"),"") | IW20: =IF(ISBLANK(#REF!),"",#REF!) -> #REF! | IY20: #REF!
C21: =IFERROR(__xludf.DUMMYFUNCTION("""COMPUTED_VALUE"""),"") | D21: 46111 | I21: {=IFERROR(IF(C21="ac"+ISNUMBER(SEARCH("'",H21))+G21="","", MROUND(SWITCH(C21,"sq",'Personal Info'!$O$15,"bn",'Personal Info'!$S$15,"dl",'Personal Info'!$W$15,"")*IF(H21>10, H21/100, VLOOKUP(H21, _rpe,SUBSTITUTE(G21,"+","")+1,0)), IF( SWITCH(C21:C210,"sq",'Personal Info'!$O$15,"bn",'Personal Info'!$S$15,"dl", 'Personal Info'!$W$15,"")< IF(_uom="lbs", 175, 80), 1.25, IF(_uom="lbs",5,2.5)))),"")} | M21: =IFERROR(__xludf.DUMMYFUNCTION("IF(I21=MAX(FILTER(I$10:I$199,LOOKUP(ROW(C$10:C$199),FILTER(ROW(C$10:C$199),C$10:C$199<>C$9:C$198))=LOOKUP(ROW(C21),FILTER(ROW(C$10:C$199),C$10:C$199<>C$9:C$198)))),J21,)"),"") | P21: =IF(ISBLANK(B21),"",B21) | Q21: =IFERROR(__xludf.DUMMYFUNCTION("""COMPUTED_VALUE"""),"") | R21: 46118 | S21: =IF(ISBLANK(E21),"",E21) | T21: =IF(ISBLANK(F21),"",F21) | U21: =IF( OR(ISBLANK(G21),G21=""),"", G21) | V21: =IF(ISBLANK(H21),"",H21) | W21: {=IFERROR(IF(Q21="ac"+ISNUMBER(SEARCH("'",V21))+U21="","", IF(ISNUMBER(SEARCH("lw",V21)), I21 + SUBSTITUTE(V21,"lw+",""), MROUND(SWITCH(Q21,"sq",U$7,"bn",V$7,"dl",W$7,"")*IF(V21>10, V21/100, VLOOKUP(V21, _rpe,SUBSTITUTE(U21,"+","")+1,0)), IF( SWITCH(Q21,"sq",U$7,"bn",V$7,"dl", W$7,"")< IF(_uom="lbs", 175, 80), 1.25, IF(_uom="lbs",5,2.5))))), "")} | AA21: =IFERROR(__xludf.DUMMYFUNCTION("IF(W21=MAX(FILTER(W$10:W$199,LOOKUP(ROW(Q$10:Q$199),FILTER(ROW(Q$10:Q$199),Q$10:Q$199<>Q$9:Q$198))=LOOKUP(ROW(Q21),FILTER(ROW(Q$10:Q$199),Q$10:Q$199<>Q$9:Q$198)))),X21,)"),"") | AD21: =IF(ISBLANK(P21),"",P21) | AE21: =IFERROR(__xludf.DUMMYFUNCTION("""COMPUTED_VALUE"""),"") | AF21: 46125 | AG21: =IF(ISBLANK(S21),"",S21) | AH21: =IF(ISBLANK(T21),"",T21) | AI21: =IF( OR(ISBLANK(U21),U21=""),"", U21) | AJ21: =IF(ISBLANK(V21),"",V21) | AK21: {=IFERROR(IF(AE21="ac"+ISNUMBER(SEARCH("'",AJ21))+AI21="","", IF(ISNUMBER(SEARCH("lw",AJ21)), W21 + SUBSTITUTE(AJ21,"lw+",""), MROUND(SWITCH(AE21,"sq",AI$7,"bn",AJ$7,"dl",AK$7,"")*IF(AJ21>10, AJ21/100, VLOOKUP(AJ21, _rpe,SUBSTITUTE(AI21,"+","")+1,0)), IF( SWITCH(AE21,"sq",AI$7,"bn",AJ$7,"dl", AK$7,"")< IF(_uom="lbs", 175, 80), 1.25, IF(_uom="lbs",5,2.5))))), "")} | AO21: =IFERROR(__xludf.DUMMYFUNCTION("IF(AK21=MAX(FILTER(AK$10:AK$199,LOOKUP(ROW(AE$10:AE$199),FILTER(ROW(AE$10:AE$199),AE$10:AE$199<>AE$9:AE$198))=LOOKUP(ROW(AE21),FILTER(ROW(AE$10:AE$199),AE$10:AE$199<>AE$9:AE$198)))),AL21,)"),"") | AR21: =IF(ISBLANK(AD21),"",AD21) | AS21: =IFERROR(__xludf.DUMMYFUNCTION("""COMPUTED_VALUE"""),"") | AT21: 46132 | AU21: =IF(ISBLANK(AG21),"",AG21) | AV21: =IF(ISBLANK(AH21),"",AH21) | AW21: =IF( OR(ISBLANK(AI21),AI21=""),"", AI21) | AX21: =IF(ISBLANK(AJ21),"",AJ21) | AY21: {=IFERROR(IF(AS21="ac"+ISNUMBER(SEARCH("'",AX21))+AW21="","", IF(ISNUMBER(SEARCH("lw",AX21)), AK21 + SUBSTITUTE(AX21,"lw+",""), MROUND(SWITCH(AS21,"sq",AW$7,"bn",AX$7,"dl",AY$7,"")*IF(AX21>10, AX21/100, VLOOKUP(AX21, _rpe,SUBSTITUTE(AW21,"+","")+1,0)), IF( SWITCH(AS21,"sq",AW$7,"bn",AX$7,"dl", AY$7,"")< IF(_uom="lbs", 175, 80), 1.25, IF(_uom="lbs",5,2.5))))), "")} | BC21: =IFERROR(__xludf.DUMMYFUNCTION("IF(AY21=MAX(FILTER(AY$10:AY$199,LOOKUP(ROW(AS$10:AS$199),FILTER(ROW(AS$10:AS$199),AS$10:AS$199<>AS$9:AS$198))=LOOKUP(ROW(AS21),FILTER(ROW(AS$10:AS$199),AS$10:AS$199<>AS$9:AS$198)))),AZ21,)"),"") | BF21: =IF(ISBLANK(AR21),"",AR21) | BG21: =IFERROR(__xludf.DUMMYFUNCTION("""COMPUTED_VALUE"""),"") | BH21: 46139 | BI21: =IF(ISBLANK(AU21),"",AU21) | BJ21: =IF(ISBLANK(AV21),"",AV21) | BK21: =IF( OR(ISBLANK(AW21),AW21=""),"", AW21) | BL21: =IF(ISBLANK(AX21),"",AX21) | BM21: {=IFERROR(IF(BG21="ac"+ISNUMBER(SEARCH("'",BL21))+BK21="","", IF(ISNUMBER(SEARCH("lw",BL21)), AY21 + SUBSTITUTE(BL21,"lw+",""), MROUND(SWITCH(BG21,"sq",BK$7,"bn",BL$7,"dl",BM$7,"")*IF(BL21>10, BL21/100, VLOOKUP(BL21, _rpe,SUBSTITUTE(BK21,"+","")+1,0)), IF( SWITCH(BG21,"sq",BK$7,"bn",BL$7,"dl", BM$7,"")< IF(_uom="lbs", 175, 80), 1.25, IF(_uom="lbs",5,2.5))))), "")} | BQ21: =IFERROR(__xludf.DUMMYFUNCTION("IF(BM21=MAX(FILTER(BM$10:BM$199,LOOKUP(ROW(BG$10:BG$199),FILTER(ROW(BG$10:BG$199),BG$10:BG$199<>BG$9:BG$198))=LOOKUP(ROW(BG21),FILTER(ROW(BG$10:BG$199),BG$10:BG$199<>BG$9:BG$198)))),BN21,)"),"") | BT21: =IF(ISBLANK(BF21),"",BF21) | BU21: =IFERROR(__xludf.DUMMYFUNCTION("""COMPUTED_VALUE"""),"") | BV21: 46146 | BW21: =IF(ISBLANK(BI21),"",BI21) | BX21: =IF(ISBLANK(BJ21),"",BJ21) | BY21: =IF( OR(ISBLANK(BK21),BK21=""),"", BK21) | BZ21: =IF(ISBLANK(BL21),"",BL21) | CA21: {=IFERROR(IF(BU21="ac"+ISNUMBER(SEARCH("'",BZ21))+BY21="","", IF(ISNUMBER(SEARCH("lw",BZ21)), BM21 + SUBSTITUTE(BZ21,"lw+",""), MROUND(SWITCH(BU21,"sq",BY$7,"bn",BZ$7,"dl",CA$7,"")*IF(BZ21>10, BZ21/100, VLOOKUP(BZ21, _rpe,SUBSTITUTE(BY21,"+","")+1,0)), IF( SWITCH(BU21,"sq",BY$7,"bn",BZ$7,"dl", CA$7,"")< IF(_uom="lbs", 175, 80), 1.25, IF(_uom="lbs",5,2.5))))), "")} | CE21: =IFERROR(__xludf.DUMMYFUNCTION("IF(CA21=MAX(FILTER(CA$10:CA$199,LOOKUP(ROW(BU$10:BU$199),FILTER(ROW(BU$10:BU$199),BU$10:BU$199<>BU$9:BU$198))=LOOKUP(ROW(BU21),FILTER(ROW(BU$10:BU$199),BU$10:BU$199<>BU$9:BU$198)))),CB21,)"),"") | CH21: =IF(ISBLANK(BT21),"",BT21) | CI21: =IFERROR(__xludf.DUMMYFUNCTION("""COMPUTED_VALUE"""),"") | CJ21: 46153 | CK21: =IF(ISBLANK(BW21),"",BW21) | CL21: =IF(ISBLANK(BX21),"",BX21) | CM21: =IF( OR(ISBLANK(BY21),BY21=""),"", BY21) | CN21: =IF(ISBLANK(BZ21),"",BZ21) | CO21: {=IFERROR(IF(CI21="ac"+ISNUMBER(SEARCH("'",CN21))+CM21="","", IF(ISNUMBER(SEARCH("lw",CN21)), CA21 + SUBSTITUTE(CN21,"lw+",""), MROUND(SWITCH(CI21,"sq",CM$7,"bn",CN$7,"dl",CO$7,"")*IF(CN21>10, CN21/100, VLOOKUP(CN21, _rpe,SUBSTITUTE(CM21,"+","")+1,0)), IF( SWITCH(CI21,"sq",CM$7,"bn",CN$7,"dl", CO$7,"")< IF(_uom="lbs", 175, 80), 1.25, IF(_uom="lbs",5,2.5))))), "")} | CS21: =IFERROR(__xludf.DUMMYFUNCTION("IF(CO21=MAX(FILTER(CO$10:CO$199,LOOKUP(ROW(CI$10:CI$199),FILTER(ROW(CI$10:CI$199),CI$10:CI$199<>CI$9:CI$198))=LOOKUP(ROW(CI21),FILTER(ROW(CI$10:CI$199),CI$10:CI$199<>CI$9:CI$198)))),CP21,)"),"") | CV21: =IF(ISBLANK(CH21),"",CH21) | CW21: =IFERROR(__xludf.DUMMYFUNCTION("""COMPUTED_VALUE"""),"") | CX21: 46160 | CY21: =IF(ISBLANK(CK21),"",CK21) | CZ21: =IF(ISBLANK(CL21),"",CL21) | DA21: =IF( OR(ISBLANK(CM21),CM21=""),"", CM21) | DB21: =IF(ISBLANK(CN21),"",CN21) | DC21: {=IFERROR(IF(CW21="ac"+ISNUMBER(SEARCH("'",DB21))+DA21="","", IF(ISNUMBER(SEARCH("lw",DB21)), CO21 + SUBSTITUTE(DB21,"lw+",""), MROUND(SWITCH(CW21,"sq",DA$7,"bn",DB$7,"dl",DC$7,"")*IF(DB21>10, DB21/100, VLOOKUP(DB21, _rpe,SUBSTITUTE(DA21,"+","")+1,0)), IF( SWITCH(CW21,"sq",DA$7,"bn",DB$7,"dl", DC$7,"")< IF(_uom="lbs", 175, 80), 1.25, IF(_uom="lbs",5,2.5))))), "")} | DG21: =IFERROR(__xludf.DUMMYFUNCTION("IF(DC21=MAX(FILTER(DC$10:DC$199,LOOKUP(ROW(CW$10:CW$199),FILTER(ROW(CW$10:CW$199),CW$10:CW$199<>CW$9:CW$198))=LOOKUP(ROW(CW21),FILTER(ROW(CW$10:CW$199),CW$10:CW$199<>CW$9:CW$198)))),DD21,)"),"") | DJ21: =IF(ISBLANK(CV21),"",CV21) | DK21: =IFERROR(__xludf.DUMMYFUNCTION("""COMPUTED_VALUE"""),"") | DL21: 46167 | DM21: =IF(ISBLANK(CY21),"",CY21) | DN21: =IF(ISBLANK(CZ21),"",CZ21) | DO21: =IF( OR(ISBLANK(DA21),DA21=""),"", DA21) | DP21: =IF(ISBLANK(DB21),"",DB21) | DQ21: {=IFERROR(IF(DK21="ac"+ISNUMBER(SEARCH("'",DP21))+DO21="","", IF(ISNUMBER(SEARCH("lw",DP21)), DC21 + SUBSTITUTE(DP21,"lw+",""), MROUND(SWITCH(DK21,"sq",DO$7,"bn",DP$7,"dl",DQ$7,"")*IF(DP21>10, DP21/100, VLOOKUP(DP21, _rpe,SUBSTITUTE(DO21,"+","")+1,0)), IF( SWITCH(DK21,"sq",DO$7,"bn",DP$7,"dl", DQ$7,"")< IF(_uom="lbs", 175, 80), 1.25, IF(_uom="lbs",5,2.5))))), "")} | DU21: =IFERROR(__xludf.DUMMYFUNCTION("IF(DQ21=MAX(FILTER(DQ$10:DQ$199,LOOKUP(ROW(DK$10:DK$199),FILTER(ROW(DK$10:DK$199),DK$10:DK$199<>DK$9:DK$198))=LOOKUP(ROW(DK21),FILTER(ROW(DK$10:DK$199),DK$10:DK$199<>DK$9:DK$198)))),DR21,)"),"") | IW21: =IF(ISBLANK(#REF!),"",#REF!) -> #REF! | IY21: #REF!
B22: lats - h | C22: =IFERROR(__xludf.DUMMYFUNCTION("""COMPUTED_VALUE"""),"ac") -> ac | D22: 46111 | E22: Chest Supported Row | F22: 4 | G22: 10-12 | H22: @7 | I22: {=IFERROR(IF(C22="ac"+ISNUMBER(SEARCH("'",H22))+G22="","", MROUND(SWITCH(C22,"sq",'Personal Info'!$O$15,"bn",'Personal Info'!$S$15,"dl",'Personal Info'!$W$15,"")*IF(H22>10, H22/100, VLOOKUP(H22, _rpe,SUBSTITUTE(G22,"+","")+1,0)), IF( SWITCH(C22:C210,"sq",'Personal Info'!$O$15,"bn",'Personal Info'!$S$15,"dl", 'Personal Info'!$W$15,"")< IF(_uom="lbs", 175, 80), 1.25, IF(_uom="lbs",5,2.5)))),"")} | M22: =IFERROR(__xludf.DUMMYFUNCTION("IF(I22=MAX(FILTER(I$10:I$199,LOOKUP(ROW(C$10:C$199),FILTER(ROW(C$10:C$199),C$10:C$199<>C$9:C$198))=LOOKUP(ROW(C22),FILTER(ROW(C$10:C$199),C$10:C$199<>C$9:C$198)))),J22,)"),"") | P22: =IF(ISBLANK(B22),"",B22) -> lats - h | Q22: =IFERROR(__xludf.DUMMYFUNCTION("""COMPUTED_VALUE"""),"ac") -> ac | R22: 46118 | S22: =IF(ISBLANK(E22),"",E22) -> Chest Supported Row | T22: 4 | U22: 10-12 | V22: @7 | W22: {=IFERROR(IF(Q22="ac"+ISNUMBER(SEARCH("'",V22))+U22="","", IF(ISNUMBER(SEARCH("lw",V22)), I22 + SUBSTITUTE(V22,"lw+",""), MROUND(SWITCH(Q22,"sq",U$7,"bn",V$7,"dl",W$7,"")*IF(V22>10, V22/100, VLOOKUP(V22, _rpe,SUBSTITUTE(U22,"+","")+1,0)), IF( SWITCH(Q22,"sq",U$7,"bn",V$7,"dl", W$7,"")< IF(_uom="lbs", 175, 80), 1.25, IF(_uom="lbs",5,2.5))))), "")} | AA22: =IFERROR(__xludf.DUMMYFUNCTION("IF(W22=MAX(FILTER(W$10:W$199,LOOKUP(ROW(Q$10:Q$199),FILTER(ROW(Q$10:Q$199),Q$10:Q$199<>Q$9:Q$198))=LOOKUP(ROW(Q22),FILTER(ROW(Q$10:Q$199),Q$10:Q$199<>Q$9:Q$198)))),X22,)"),"") | AD22: =IF(ISBLANK(P22),"",P22) -> lats - h | AE22: =IFERROR(__xludf.DUMMYFUNCTION("""COMPUTED_VALUE"""),"ac") -> ac | AF22: 46125 | AG22: =IF(ISBLANK(S22),"",S22) -> Chest Supported Row | AH22: 4 | AI22: 10-12 | AJ22: =IF(ISBLANK(V22),"",V22) -> @7 | AK22: {=IFERROR(IF(AE22="ac"+ISNUMBER(SEARCH("'",AJ22))+AI22="","", IF(ISNUMBER(SEARCH("lw",AJ22)), W22 + SUBSTITUTE(AJ22,"lw+",""), MROUND(SWITCH(AE22,"sq",AI$7,"bn",AJ$7,"dl",AK$7,"")*IF(AJ22>10, AJ22/100, VLOOKUP(AJ22, _rpe,SUBSTITUTE(AI22,"+","")+1,0)), IF( SWITCH(AE22,"sq",AI$7,"bn",AJ$7,"dl", AK$7,"")< IF(_uom="lbs", 175, 80), 1.25, IF(_uom="lbs",5,2.5))))), "")} | AO22: =IFERROR(__xludf.DUMMYFUNCTION("IF(AK22=MAX(FILTER(AK$10:AK$199,LOOKUP(ROW(AE$10:AE$199),FILTER(ROW(AE$10:AE$199),AE$10:AE$199<>AE$9:AE$198))=LOOKUP(ROW(AE22),FILTER(ROW(AE$10:AE$199),AE$10:AE$199<>AE$9:AE$198)))),AL22,)"),"") | AR22: =IF(ISBLANK(AD22),"",AD22) -> lats - h | AS22: =IFERROR(__xludf.DUMMYFUNCTION("""COMPUTED_VALUE"""),"ac") -> ac | AT22: 46132 | AU22: =IF(ISBLANK(AG22),"",AG22) -> Chest Supported Row | AV22: =IF(ISBLANK(AH22),"",AH22) -> 4 | AW22: 10-12 | AX22: =IF(ISBLANK(AJ22),"",AJ22) -> @7 | AY22: {=IFERROR(IF(AS22="ac"+ISNUMBER(SEARCH("'",AX22))+AW22="","", IF(ISNUMBER(SEARCH("lw",AX22)), AK22 + SUBSTITUTE(AX22,"lw+",""), MROUND(SWITCH(AS22,"sq",AW$7,"bn",AX$7,"dl",AY$7,"")*IF(AX22>10, AX22/100, VLOOKUP(AX22, _rpe,SUBSTITUTE(AW22,"+","")+1,0)), IF( SWITCH(AS22,"sq",AW$7,"bn",AX$7,"dl", AY$7,"")< IF(_uom="lbs", 175, 80), 1.25, IF(_uom="lbs",5,2.5))))), "")} | BC22: =IFERROR(__xludf.DUMMYFUNCTION("IF(AY22=MAX(FILTER(AY$10:AY$199,LOOKUP(ROW(AS$10:AS$199),FILTER(ROW(AS$10:AS$199),AS$10:AS$199<>AS$9:AS$198))=LOOKUP(ROW(AS22),FILTER(ROW(AS$10:AS$199),AS$10:AS$199<>AS$9:AS$198)))),AZ22,)"),"") | BF22: =IF(ISBLANK(AR22),"",AR22) -> lats - h | BG22: =IFERROR(__xludf.DUMMYFUNCTION("""COMPUTED_VALUE"""),"ac") -> ac | BH22: 46139 | BI22: =IF(ISBLANK(AU22),"",AU22) -> Chest Supported Row | BJ22: 4 | BK22: 8-10 | BL22: @7 | BM22: {=IFERROR(IF(BG22="ac"+ISNUMBER(SEARCH("'",BL22))+BK22="","", IF(ISNUMBER(SEARCH("lw",BL22)), AY22 + SUBSTITUTE(BL22,"lw+",""), MROUND(SWITCH(BG22,"sq",BK$7,"bn",BL$7,"dl",BM$7,"")*IF(BL22>10, BL22/100, VLOOKUP(BL22, _rpe,SUBSTITUTE(BK22,"+","")+1,0)), IF( SWITCH(BG22,"sq",BK$7,"bn",BL$7,"dl", BM$7,"")< IF(_uom="lbs", 175, 80), 1.25, IF(_uom="lbs",5,2.5))))), "")} | BQ22: =IFERROR(__xludf.DUMMYFUNCTION("IF(BM22=MAX(FILTER(BM$10:BM$199,LOOKUP(ROW(BG$10:BG$199),FILTER(ROW(BG$10:BG$199),BG$10:BG$199<>BG$9:BG$198))=LOOKUP(ROW(BG22),FILTER(ROW(BG$10:BG$199),BG$10:BG$199<>BG$9:BG$198)))),BN22,)"),"") | BT22: =IF(ISBLANK(BF22),"",BF22) -> lats - h | BU22: =IFERROR(__xludf.DUMMYFUNCTION("""COMPUTED_VALUE"""),"ac") -> ac | BV22: 46146 | BW22: =IF(ISBLANK(BI22),"",BI22) -> Chest Supported Row | BX22: 4 | BY22: 8-10 | BZ22: @7 | CA22: {=IFERROR(IF(BU22="ac"+ISNUMBER(SEARCH("'",BZ22))+BY22="","", IF(ISNUMBER(SEARCH("lw",BZ22)), BM22 + SUBSTITUTE(BZ22,"lw+",""), MROUND(SWITCH(BU22,"sq",BY$7,"bn",BZ$7,"dl",CA$7,"")*IF(BZ22>10, BZ22/100, VLOOKUP(BZ22, _rpe,SUBSTITUTE(BY22,"+","")+1,0)), IF( SWITCH(BU22,"sq",BY$7,"bn",BZ$7,"dl", CA$7,"")< IF(_uom="lbs", 175, 80), 1.25, IF(_uom="lbs",5,2.5))))), "")} | CE22: =IFERROR(__xludf.DUMMYFUNCTION("IF(CA22=MAX(FILTER(CA$10:CA$199,LOOKUP(ROW(BU$10:BU$199),FILTER(ROW(BU$10:BU$199),BU$10:BU$199<>BU$9:BU$198))=LOOKUP(ROW(BU22),FILTER(ROW(BU$10:BU$199),BU$10:BU$199<>BU$9:BU$198)))),CB22,)"),"") | CH22: =IF(ISBLANK(BT22),"",BT22) -> lats - h | CI22: =IFERROR(__xludf.DUMMYFUNCTION("""COMPUTED_VALUE"""),"ac") -> ac | CJ22: 46153 | CK22: =IF(ISBLANK(BW22),"",BW22) -> Chest Supported Row | CL22: =IF(ISBLANK(BX22),"",BX22) -> 4 | CM22: 8-10 | CN22: @7 | CO22: {=IFERROR(IF(CI22="ac"+ISNUMBER(SEARCH("'",CN22))+CM22="","", IF(ISNUMBER(SEARCH("lw",CN22)), CA22 + SUBSTITUTE(CN22,"lw+",""), MROUND(SWITCH(CI22,"sq",CM$7,"bn",CN$7,"dl",CO$7,"")*IF(CN22>10, CN22/100, VLOOKUP(CN22, _rpe,SUBSTITUTE(CM22,"+","")+1,0)), IF( SWITCH(CI22,"sq",CM$7,"bn",CN$7,"dl", CO$7,"")< IF(_uom="lbs", 175, 80), 1.25, IF(_uom="lbs",5,2.5))))), "")} | CS22: =IFERROR(__xludf.DUMMYFUNCTION("IF(CO22=MAX(FILTER(CO$10:CO$199,LOOKUP(ROW(CI$10:CI$199),FILTER(ROW(CI$10:CI$199),CI$10:CI$199<>CI$9:CI$198))=LOOKUP(ROW(CI22),FILTER(ROW(CI$10:CI$199),CI$10:CI$199<>CI$9:CI$198)))),CP22,)"),"") | CV22: =IF(ISBLANK(CH22),"",CH22) -> lats - h | CW22: =IFERROR(__xludf.DUMMYFUNCTION("""COMPUTED_VALUE"""),"ac") -> ac | CX22: 46160 | CY22: =IF(ISBLANK(CK22),"",CK22) -> Chest Supported Row | CZ22: =IF(ISBLANK(CL22),"",CL22) -> 4 | DA22: 8-10 | DB22: =IF(ISBLANK(CN22),"",CN22) -> @7 | DC22: {=IFERROR(IF(CW22="ac"+ISNUMBER(SEARCH("'",DB22))+DA22="","", IF(ISNUMBER(SEARCH("lw",DB22)), CO22 + SUBSTITUTE(DB22,"lw+",""), MROUND(SWITCH(CW22,"sq",DA$7,"bn",DB$7,"dl",DC$7,"")*IF(DB22>10, DB22/100, VLOOKUP(DB22, _rpe,SUBSTITUTE(DA22,"+","")+1,0)), IF( SWITCH(CW22,"sq",DA$7,"bn",DB$7,"dl", DC$7,"")< IF(_uom="lbs", 175, 80), 1.25, IF(_uom="lbs",5,2.5))))), "")} | DG22: =IFERROR(__xludf.DUMMYFUNCTION("IF(DC22=MAX(FILTER(DC$10:DC$199,LOOKUP(ROW(CW$10:CW$199),FILTER(ROW(CW$10:CW$199),CW$10:CW$199<>CW$9:CW$198))=LOOKUP(ROW(CW22),FILTER(ROW(CW$10:CW$199),CW$10:CW$199<>CW$9:CW$198)))),DD22,)"),"") | DJ22: =IF(ISBLANK(CV22),"",CV22) -> lats - h | DK22: =IFERROR(__xludf.DUMMYFUNCTION("""COMPUTED_VALUE"""),"dl") -> dl | DL22: 46167 | DM22: Deadlift | DN22: 5 | DO22: 1 | DP22: 75 | DQ22: {=IFERROR(IF(DK22="ac"+ISNUMBER(SEARCH("'",DP22))+DO22="","", IF(ISNUMBER(SEARCH("lw",DP22)), DC22 + SUBSTITUTE(DP22,"lw+",""), MROUND(SWITCH(DK22,"sq",DO$7,"bn",DP$7,"dl",DQ$7,"")*IF(DP22>10, DP22/100, VLOOKUP(DP22, _rpe,SUBSTITUTE(DO22,"+","")+1,0)), IF( SWITCH(DK22,"sq",DO$7,"bn",DP$7,"dl", DQ$7,"")< IF(_uom="lbs", 175, 80), 1.25, IF(_uom="lbs",5,2.5))))), "")} -> 170 | DU22: =IFERROR(__xludf.DUMMYFUNCTION("IF(DQ22=MAX(FILTER(DQ$10:DQ$199,LOOKUP(ROW(DK$10:DK$199),FILTER(ROW(DK$10:DK$199),DK$10:DK$199<>DK$9:DK$198))=LOOKUP(ROW(DK22),FILTER(ROW(DK$10:DK$199),DK$10:DK$199<>DK$9:DK$198)))),DR22,)"),"") | IW22: =IF(ISBLANK(#REF!),"",#REF!) -> #REF! | IY22: #REF!
B23: upper body stability | C23: =IFERROR(__xludf.DUMMYFUNCTION("""COMPUTED_VALUE"""),"ac") -> ac | D23: 46111 | E23: Band Pull-Aparts | F23: 3 | G23: 30 | I23: {=IFERROR(IF(C23="ac"+ISNUMBER(SEARCH("'",H23))+G23="","", MROUND(SWITCH(C23,"sq",'Personal Info'!$O$15,"bn",'Personal Info'!$S$15,"dl",'Personal Info'!$W$15,"")*IF(H23>10, H23/100, VLOOKUP(H23, _rpe,SUBSTITUTE(G23,"+","")+1,0)), IF( SWITCH(C23:C210,"sq",'Personal Info'!$O$15,"bn",'Personal Info'!$S$15,"dl", 'Personal Info'!$W$15,"")< IF(_uom="lbs", 175, 80), 1.25, IF(_uom="lbs",5,2.5)))),"")} | M23: =IFERROR(__xludf.DUMMYFUNCTION("IF(I23=MAX(FILTER(I$10:I$199,LOOKUP(ROW(C$10:C$199),FILTER(ROW(C$10:C$199),C$10:C$199<>C$9:C$198))=LOOKUP(ROW(C23),FILTER(ROW(C$10:C$199),C$10:C$199<>C$9:C$198)))),J23,)"),"") | P23: =IF(ISBLANK(B23),"",B23) -> upper body stability | Q23: =IFERROR(__xludf.DUMMYFUNCTION("""COMPUTED_VALUE"""),"ac") -> ac | R23: 46118 | S23: =IF(ISBLANK(E23),"",E23) -> Band Pull-Aparts | T23: 3 | U23: 30 | W23: {=IFERROR(IF(Q23="ac"+ISNUMBER(SEARCH("'",V23))+U23="","", IF(ISNUMBER(SEARCH("lw",V23)), I23 + SUBSTITUTE(V23,"lw+",""), MROUND(SWITCH(Q23,"sq",U$7,"bn",V$7,"dl",W$7,"")*IF(V23>10, V23/100, VLOOKUP(V23, _rpe,SUBSTITUTE(U23,"+","")+1,0)), IF( SWITCH(Q23,"sq",U$7,"bn",V$7,"dl", W$7,"")< IF(_uom="lbs", 175, 80), 1.25, IF(_uom="lbs",5,2.5))))), "")} | AA23: =IFERROR(__xludf.DUMMYFUNCTION("IF(W23=MAX(FILTER(W$10:W$199,LOOKUP(ROW(Q$10:Q$199),FILTER(ROW(Q$10:Q$199),Q$10:Q$199<>Q$9:Q$198))=LOOKUP(ROW(Q23),FILTER(ROW(Q$10:Q$199),Q$10:Q$199<>Q$9:Q$198)))),X23,)"),"") | AD23: =IF(ISBLANK(P23),"",P23) -> upper body stability | AE23: =IFERROR(__xludf.DUMMYFUNCTION("""COMPUTED_VALUE"""),"ac") -> ac | AF23: 46125 | AG23: =IF(ISBLANK(S23),"",S23) -> Band Pull-Aparts | AH23: 3 | AI23: 30 | AJ23: =IF(ISBLANK(V23),"",V23) | AK23: {=IFERROR(IF(AE23="ac"+ISNUMBER(SEARCH("'",AJ23))+AI23="","", IF(ISNUMBER(SEARCH("lw",AJ23)), W23 + SUBSTITUTE(AJ23,"lw+",""), MROUND(SWITCH(AE23,"sq",AI$7,"bn",AJ$7,"dl",AK$7,"")*IF(AJ23>10, AJ23/100, VLOOKUP(AJ23, _rpe,SUBSTITUTE(AI23,"+","")+1,0)), IF( SWITCH(AE23,"sq",AI$7,"bn",AJ$7,"dl", AK$7,"")< IF(_uom="lbs", 175, 80), 1.25, IF(_uom="lbs",5,2.5))))), "")} | AO23: =IFERROR(__xludf.DUMMYFUNCTION("IF(AK23=MAX(FILTER(AK$10:AK$199,LOOKUP(ROW(AE$10:AE$199),FILTER(ROW(AE$10:AE$199),AE$10:AE$199<>AE$9:AE$198))=LOOKUP(ROW(AE23),FILTER(ROW(AE$10:AE$199),AE$10:AE$199<>AE$9:AE$198)))),AL23,)"),"") | AR23: =IF(ISBLANK(AD23),"",AD23) -> upper body stability | AS23: =IFERROR(__xludf.DUMMYFUNCTION("""COMPUTED_VALUE"""),"ac") -> ac | AT23: 46132 | AU23: =IF(ISBLANK(AG23),"",AG23) -> Band Pull-Aparts | AV23: =IF(ISBLANK(AH23),"",AH23) -> 3 | AW23: 30 | AX23: =IF(ISBLANK(AJ23),"",AJ23) | AY23: {=IFERROR(IF(AS23="ac"+ISNUMBER(SEARCH("'",AX23))+AW23="","", IF(ISNUMBER(SEARCH("lw",AX23)), AK23 + SUBSTITUTE(AX23,"lw+",""), MROUND(SWITCH(AS23,"sq",AW$7,"bn",AX$7,"dl",AY$7,"")*IF(AX23>10, AX23/100, VLOOKUP(AX23, _rpe,SUBSTITUTE(AW23,"+","")+1,0)), IF( SWITCH(AS23,"sq",AW$7,"bn",AX$7,"dl", AY$7,"")< IF(_uom="lbs", 175, 80), 1.25, IF(_uom="lbs",5,2.5))))), "")} | BC23: =IFERROR(__xludf.DUMMYFUNCTION("IF(AY23=MAX(FILTER(AY$10:AY$199,LOOKUP(ROW(AS$10:AS$199),FILTER(ROW(AS$10:AS$199),AS$10:AS$199<>AS$9:AS$198))=LOOKUP(ROW(AS23),FILTER(ROW(AS$10:AS$199),AS$10:AS$199<>AS$9:AS$198)))),AZ23,)"),"") | BF23: =IF(ISBLANK(AR23),"",AR23) -> upper body stability | BG23: =IFERROR(__xludf.DUMMYFUNCTION("""COMPUTED_VALUE"""),"ac") -> ac | BH23: 46139 | BI23: =IF(ISBLANK(AU23),"",AU23) -> Band Pull-Aparts | BJ23: 3 | BK23: 30 | BM23: {=IFERROR(IF(BG23="ac"+ISNUMBER(SEARCH("'",BL23))+BK23="","", IF(ISNUMBER(SEARCH("lw",BL23)), AY23 + SUBSTITUTE(BL23,"lw+",""), MROUND(SWITCH(BG23,"sq",BK$7,"bn",BL$7,"dl",BM$7,"")*IF(BL23>10, BL23/100, VLOOKUP(BL23, _rpe,SUBSTITUTE(BK23,"+","")+1,0)), IF( SWITCH(BG23,"sq",BK$7,"bn",BL$7,"dl", BM$7,"")< IF(_uom="lbs", 175, 80), 1.25, IF(_uom="lbs",5,2.5))))), "")} | BQ23: =IFERROR(__xludf.DUMMYFUNCTION("IF(BM23=MAX(FILTER(BM$10:BM$199,LOOKUP(ROW(BG$10:BG$199),FILTER(ROW(BG$10:BG$199),BG$10:BG$199<>BG$9:BG$198))=LOOKUP(ROW(BG23),FILTER(ROW(BG$10:BG$199),BG$10:BG$199<>BG$9:BG$198)))),BN23,)"),"") | BT23: =IF(ISBLANK(BF23),"",BF23) -> upper body stability | BU23: =IFERROR(__xludf.DUMMYFUNCTION("""COMPUTED_VALUE"""),"ac") -> ac | BV23: 46146 | BW23: =IF(ISBLANK(BI23),"",BI23) -> Band Pull-Aparts | BX23: 3 | BY23: =IF( OR(ISBLANK(BK23),BK23=""),"", BK23) -> 30 | CA23: {=IFERROR(IF(BU23="ac"+ISNUMBER(SEARCH("'",BZ23))+BY23="","", IF(ISNUMBER(SEARCH("lw",BZ23)), BM23 + SUBSTITUTE(BZ23,"lw+",""), MROUND(SWITCH(BU23,"sq",BY$7,"bn",BZ$7,"dl",CA$7,"")*IF(BZ23>10, BZ23/100, VLOOKUP(BZ23, _rpe,SUBSTITUTE(BY23,"+","")+1,0)), IF( SWITCH(BU23,"sq",BY$7,"bn",BZ$7,"dl", CA$7,"")< IF(_uom="lbs", 175, 80), 1.25, IF(_uom="lbs",5,2.5))))), "")} | CE23: =IFERROR(__xludf.DUMMYFUNCTION("IF(CA23=MAX(FILTER(CA$10:CA$199,LOOKUP(ROW(BU$10:BU$199),FILTER(ROW(BU$10:BU$199),BU$10:BU$199<>BU$9:BU$198))=LOOKUP(ROW(BU23),FILTER(ROW(BU$10:BU$199),BU$10:BU$199<>BU$9:BU$198)))),CB23,)"),"") | CH23: =IF(ISBLANK(BT23),"",BT23) -> upper body stability | CI23: =IFERROR(__xludf.DUMMYFUNCTION("""COMPUTED_VALUE"""),"ac") -> ac | CJ23: 46153 | CK23: =IF(ISBLANK(BW23),"",BW23) -> Band Pull-Aparts | CL23: =IF(ISBLANK(BX23),"",BX23) -> 3 | CM23: =IF( OR(ISBLANK(BY23),BY23=""),"", BY23) -> 30 | CO23: {=IFERROR(IF(CI23="ac"+ISNUMBER(SEARCH("'",CN23))+CM23="","", IF(ISNUMBER(SEARCH("lw",CN23)), CA23 + SUBSTITUTE(CN23,"lw+",""), MROUND(SWITCH(CI23,"sq",CM$7,"bn",CN$7,"dl",CO$7,"")*IF(CN23>10, CN23/100, VLOOKUP(CN23, _rpe,SUBSTITUTE(CM23,"+","")+1,0)), IF( SWITCH(CI23,"sq",CM$7,"bn",CN$7,"dl", CO$7,"")< IF(_uom="lbs", 175, 80), 1.25, IF(_uom="lbs",5,2.5))))), "")} | CS23: =IFERROR(__xludf.DUMMYFUNCTION("IF(CO23=MAX(FILTER(CO$10:CO$199,LOOKUP(ROW(CI$10:CI$199),FILTER(ROW(CI$10:CI$199),CI$10:CI$199<>CI$9:CI$198))=LOOKUP(ROW(CI23),FILTER(ROW(CI$10:CI$199),CI$10:CI$199<>CI$9:CI$198)))),CP23,)"),"") | CV23: =IF(ISBLANK(CH23),"",CH23) -> upper body stability | CW23: =IFERROR(__xludf.DUMMYFUNCTION("""COMPUTED_VALUE"""),"ac") -> ac | CX23: 46160 | CY23: =IF(ISBLANK(CK23),"",CK23) -> Band Pull-Aparts | CZ23: =IF(ISBLANK(CL23),"",CL23) -> 3 | DA23: =IF( OR(ISBLANK(CM23),CM23=""),"", CM23) -> 30 | DB23: =IF(ISBLANK(CN23),"",CN23) | DC23: {=IFERROR(IF(CW23="ac"+ISNUMBER(SEARCH("'",DB23))+DA23="","", IF(ISNUMBER(SEARCH("lw",DB23)), CO23 + SUBSTITUTE(DB23,"lw+",""), MROUND(SWITCH(CW23,"sq",DA$7,"bn",DB$7,"dl",DC$7,"")*IF(DB23>10, DB23/100, VLOOKUP(DB23, _rpe,SUBSTITUTE(DA23,"+","")+1,0)), IF( SWITCH(CW23,"sq",DA$7,"bn",DB$7,"dl", DC$7,"")< IF(_uom="lbs", 175, 80), 1.25, IF(_uom="lbs",5,2.5))))), "")} | DG23: =IFERROR(__xludf.DUMMYFUNCTION("IF(DC23=MAX(FILTER(DC$10:DC$199,LOOKUP(ROW(CW$10:CW$199),FILTER(ROW(CW$10:CW$199),CW$10:CW$199<>CW$9:CW$198))=LOOKUP(ROW(CW23),FILTER(ROW(CW$10:CW$199),CW$10:CW$199<>CW$9:CW$198)))),DD23,)"),"") | DJ23: =IF(ISBLANK(CV23),"",CV23) -> upper body stability | DK23: =IFERROR(__xludf.DUMMYFUNCTION("""COMPUTED_VALUE"""),"ac") -> ac | DL23: 46167 | DM23: =IF(ISBLANK(CY23),"",CY23) -> Band Pull-Aparts | DN23: =IF(ISBLANK(CZ23),"",CZ23) -> 3 | DO23: =IF( OR(ISBLANK(DA23),DA23=""),"", DA23) -> 30 | DQ23: {=IFERROR(IF(DK23="ac"+ISNUMBER(SEARCH("'",DP23))+DO23="","", IF(ISNUMBER(SEARCH("lw",DP23)), DC23 + SUBSTITUTE(DP23,"lw+",""), MROUND(SWITCH(DK23,"sq",DO$7,"bn",DP$7,"dl",DQ$7,"")*IF(DP23>10, DP23/100, VLOOKUP(DP23, _rpe,SUBSTITUTE(DO23,"+","")+1,0)), IF( SWITCH(DK23,"sq",DO$7,"bn",DP$7,"dl", DQ$7,"")< IF(_uom="lbs", 175, 80), 1.25, IF(_uom="lbs",5,2.5))))), "")} | DU23: =IFERROR(__xludf.DUMMYFUNCTION("IF(DQ23=MAX(FILTER(DQ$10:DQ$199,LOOKUP(ROW(DK$10:DK$199),FILTER(ROW(DK$10:DK$199),DK$10:DK$199<>DK$9:DK$198))=LOOKUP(ROW(DK23),FILTER(ROW(DK$10:DK$199),DK$10:DK$199<>DK$9:DK$198)))),DR23,)"),"") | IW23: =IF(ISBLANK(#REF!),"",#REF!) -> #REF! | IY23: #REF!
C24: =IFERROR(__xludf.DUMMYFUNCTION("""COMPUTED_VALUE"""),"") | D24: 46111 | I24: {=IFERROR(IF(C24="ac"+ISNUMBER(SEARCH("'",H24))+G24="","", MROUND(SWITCH(C24,"sq",'Personal Info'!$O$15,"bn",'Personal Info'!$S$15,"dl",'Personal Info'!$W$15,"")*IF(H24>10, H24/100, VLOOKUP(H24, _rpe,SUBSTITUTE(G24,"+","")+1,0)), IF( SWITCH(C24:C210,"sq",'Personal Info'!$O$15,"bn",'Personal Info'!$S$15,"dl", 'Personal Info'!$W$15,"")< IF(_uom="lbs", 175, 80), 1.25, IF(_uom="lbs",5,2.5)))),"")} | M24: =IFERROR(__xludf.DUMMYFUNCTION("IF(I24=MAX(FILTER(I$10:I$199,LOOKUP(ROW(C$10:C$199),FILTER(ROW(C$10:C$199),C$10:C$199<>C$9:C$198))=LOOKUP(ROW(C24),FILTER(ROW(C$10:C$199),C$10:C$199<>C$9:C$198)))),J24,)"),"") | P24: =IF(ISBLANK(B24),"",B24) | Q24: =IFERROR(__xludf.DUMMYFUNCTION("""COMPUTED_VALUE"""),"") | R24: 46118 | S24: =IF(ISBLANK(E24),"",E24) | W24: {=IFERROR(IF(Q24="ac"+ISNUMBER(SEARCH("'",V24))+U24="","", IF(ISNUMBER(SEARCH("lw",V24)), I24 + SUBSTITUTE(V24,"lw+",""), MROUND(SWITCH(Q24,"sq",U$7,"bn",V$7,"dl",W$7,"")*IF(V24>10, V24/100, VLOOKUP(V24, _rpe,SUBSTITUTE(U24,"+","")+1,0)), IF( SWITCH(Q24,"sq",U$7,"bn",V$7,"dl", W$7,"")< IF(_uom="lbs", 175, 80), 1.25, IF(_uom="lbs",5,2.5))))), "")} | AA24: =IFERROR(__xludf.DUMMYFUNCTION("IF(W24=MAX(FILTER(W$10:W$199,LOOKUP(ROW(Q$10:Q$199),FILTER(ROW(Q$10:Q$199),Q$10:Q$199<>Q$9:Q$198))=LOOKUP(ROW(Q24),FILTER(ROW(Q$10:Q$199),Q$10:Q$199<>Q$9:Q$198)))),X24,)"),"") | AD24: =IF(ISBLANK(P24),"",P24) | AE24: =IFERROR(__xludf.DUMMYFUNCTION("""COMPUTED_VALUE"""),"") | AF24: 46125 | AG24: =IF(ISBLANK(S24),"",S24) | AK24: {=IFERROR(IF(AE24="ac"+ISNUMBER(SEARCH("'",AJ24))+AI24="","", IF(ISNUMBER(SEARCH("lw",AJ24)), W24 + SUBSTITUTE(AJ24,"lw+",""), MROUND(SWITCH(AE24,"sq",AI$7,"bn",AJ$7,"dl",AK$7,"")*IF(AJ24>10, AJ24/100, VLOOKUP(AJ24, _rpe,SUBSTITUTE(AI24,"+","")+1,0)), IF( SWITCH(AE24,"sq",AI$7,"bn",AJ$7,"dl", AK$7,"")< IF(_uom="lbs", 175, 80), 1.25, IF(_uom="lbs",5,2.5))))), "")} | AO24: =IFERROR(__xludf.DUMMYFUNCTION("IF(AK24=MAX(FILTER(AK$10:AK$199,LOOKUP(ROW(AE$10:AE$199),FILTER(ROW(AE$10:AE$199),AE$10:AE$199<>AE$9:AE$198))=LOOKUP(ROW(AE24),FILTER(ROW(AE$10:AE$199),AE$10:AE$199<>AE$9:AE$198)))),AL24,)"),"") | AR24: =IF(ISBLANK(AD24),"",AD24) | AS24: =IFERROR(__xludf.DUMMYFUNCTION("""COMPUTED_VALUE"""),"") | AT24: 46132 | AU24: =IF(ISBLANK(AG24),"",AG24) | AY24: {=IFERROR(IF(AS24="ac"+ISNUMBER(SEARCH("'",AX24))+AW24="","", IF(ISNUMBER(SEARCH("lw",AX24)), AK24 + SUBSTITUTE(AX24,"lw+",""), MROUND(SWITCH(AS24,"sq",AW$7,"bn",AX$7,"dl",AY$7,"")*IF(AX24>10, AX24/100, VLOOKUP(AX24, _rpe,SUBSTITUTE(AW24,"+","")+1,0)), IF( SWITCH(AS24,"sq",AW$7,"bn",AX$7,"dl", AY$7,"")< IF(_uom="lbs", 175, 80), 1.25, IF(_uom="lbs",5,2.5))))), "")} | BC24: =IFERROR(__xludf.DUMMYFUNCTION("IF(AY24=MAX(FILTER(AY$10:AY$199,LOOKUP(ROW(AS$10:AS$199),FILTER(ROW(AS$10:AS$199),AS$10:AS$199<>AS$9:AS$198))=LOOKUP(ROW(AS24),FILTER(ROW(AS$10:AS$199),AS$10:AS$199<>AS$9:AS$198)))),AZ24,)"),"") | BF24: =IF(ISBLANK(AR24),"",AR24) | BG24: =IFERROR(__xludf.DUMMYFUNCTION("""COMPUTED_VALUE"""),"") | BH24: 46139 | BI24: =IF(ISBLANK(AU24),"",AU24) | BJ24: =IF(ISBLANK(AV24),"",AV24) | BK24: =IF( OR(ISBLANK(AW24),AW24=""),"", AW24) | BL24: =IF(ISBLANK(AX24),"",AX24) | BM24: {=IFERROR(IF(BG24="ac"+ISNUMBER(SEARCH("'",BL24))+BK24="","", IF(ISNUMBER(SEARCH("lw",BL24)), AY24 + SUBSTITUTE(BL24,"lw+",""), MROUND(SWITCH(BG24,"sq",BK$7,"bn",BL$7,"dl",BM$7,"")*IF(BL24>10, BL24/100, VLOOKUP(BL24, _rpe,SUBSTITUTE(BK24,"+","")+1,0)), IF( SWITCH(BG24,"sq",BK$7,"bn",BL$7,"dl", BM$7,"")< IF(_uom="lbs", 175, 80), 1.25, IF(_uom="lbs",5,2.5))))), "")} | BQ24: =IFERROR(__xludf.DUMMYFUNCTION("IF(BM24=MAX(FILTER(BM$10:BM$199,LOOKUP(ROW(BG$10:BG$199),FILTER(ROW(BG$10:BG$199),BG$10:BG$199<>BG$9:BG$198))=LOOKUP(ROW(BG24),FILTER(ROW(BG$10:BG$199),BG$10:BG$199<>BG$9:BG$198)))),BN24,)"),"") | BT24: =IF(ISBLANK(BF24),"",BF24) | BU24: =IFERROR(__xludf.DUMMYFUNCTION("""COMPUTED_VALUE"""),"") | BV24: 46146 | BW24: =IF(ISBLANK(BI24),"",BI24) | BX24: =IF(ISBLANK(BJ24),"",BJ24) | BY24: =IF( OR(ISBLANK(BK24),BK24=""),"", BK24) | BZ24: =IF(ISBLANK(BL24),"",BL24) | CA24: {=IFERROR(IF(BU24="ac"+ISNUMBER(SEARCH("'",BZ24))+BY24="","", IF(ISNUMBER(SEARCH("lw",BZ24)), BM24 + SUBSTITUTE(BZ24,"lw+",""), MROUND(SWITCH(BU24,"sq",BY$7,"bn",BZ$7,"dl",CA$7,"")*IF(BZ24>10, BZ24/100, VLOOKUP(BZ24, _rpe,SUBSTITUTE(BY24,"+","")+1,0)), IF( SWITCH(BU24,"sq",BY$7,"bn",BZ$7,"dl", CA$7,"")< IF(_uom="lbs", 175, 80), 1.25, IF(_uom="lbs",5,2.5))))), "")} | CE24: =IFERROR(__xludf.DUMMYFUNCTION("IF(CA24=MAX(FILTER(CA$10:CA$199,LOOKUP(ROW(BU$10:BU$199),FILTER(ROW(BU$10:BU$199),BU$10:BU$199<>BU$9:BU$198))=LOOKUP(ROW(BU24),FILTER(ROW(BU$10:BU$199),BU$10:BU$199<>BU$9:BU$198)))),CB24,)"),"") | CH24: =IF(ISBLANK(BT24),"",BT24) | CI24: =IFERROR(__xludf.DUMMYFUNCTION("""COMPUTED_VALUE"""),"") | CJ24: 46153 | CK24: =IF(ISBLANK(BW24),"",BW24) | CL24: =IF(ISBLANK(BX24),"",BX24) | CM24: =IF( OR(ISBLANK(BY24),BY24=""),"", BY24) | CN24: =IF(ISBLANK(BZ24),"",BZ24) | CO24: {=IFERROR(IF(CI24="ac"+ISNUMBER(SEARCH("'",CN24))+CM24="","", IF(ISNUMBER(SEARCH("lw",CN24)), CA24 + SUBSTITUTE(CN24,"lw+",""), MROUND(SWITCH(CI24,"sq",CM$7,"bn",CN$7,"dl",CO$7,"")*IF(CN24>10, CN24/100, VLOOKUP(CN24, _rpe,SUBSTITUTE(CM24,"+","")+1,0)), IF( SWITCH(CI24,"sq",CM$7,"bn",CN$7,"dl", CO$7,"")< IF(_uom="lbs", 175, 80), 1.25, IF(_uom="lbs",5,2.5))))), "")} | CS24: =IFERROR(__xludf.DUMMYFUNCTION("IF(CO24=MAX(FILTER(CO$10:CO$199,LOOKUP(ROW(CI$10:CI$199),FILTER(ROW(CI$10:CI$199),CI$10:CI$199<>CI$9:CI$198))=LOOKUP(ROW(CI24),FILTER(ROW(CI$10:CI$199),CI$10:CI$199<>CI$9:CI$198)))),CP24,)"),"") | CV24: =IF(ISBLANK(CH24),"",CH24) | CW24: =IFERROR(__xludf.DUMMYFUNCTION("""COMPUTED_VALUE"""),"") | CX24: 46160 | CY24: =IF(ISBLANK(CK24),"",CK24) | CZ24: =IF(ISBLANK(CL24),"",CL24) | DA24: =IF( OR(ISBLANK(CM24),CM24=""),"", CM24) | DB24: =IF(ISBLANK(CN24),"",CN24) | DC24: {=IFERROR(IF(CW24="ac"+ISNUMBER(SEARCH("'",DB24))+DA24="","", IF(ISNUMBER(SEARCH("lw",DB24)), CO24 + SUBSTITUTE(DB24,"lw+",""), MROUND(SWITCH(CW24,"sq",DA$7,"bn",DB$7,"dl",DC$7,"")*IF(DB24>10, DB24/100, VLOOKUP(DB24, _rpe,SUBSTITUTE(DA24,"+","")+1,0)), IF( SWITCH(CW24,"sq",DA$7,"bn",DB$7,"dl", DC$7,"")< IF(_uom="lbs", 175, 80), 1.25, IF(_uom="lbs",5,2.5))))), "")} | DG24: =IFERROR(__xludf.DUMMYFUNCTION("IF(DC24=MAX(FILTER(DC$10:DC$199,LOOKUP(ROW(CW$10:CW$199),FILTER(ROW(CW$10:CW$199),CW$10:CW$199<>CW$9:CW$198))=LOOKUP(ROW(CW24),FILTER(ROW(CW$10:CW$199),CW$10:CW$199<>CW$9:CW$198)))),DD24,)"),"") | DJ24: =IF(ISBLANK(CV24),"",CV24) | DK24: =IFERROR(__xludf.DUMMYFUNCTION("""COMPUTED_VALUE"""),"") | DL24: 46167 | DM24: =IF(ISBLANK(CY24),"",CY24) | DN24: =IF(ISBLANK(CZ24),"",CZ24) | DO24: =IF( OR(ISBLANK(DA24),DA24=""),"", DA24) | DP24: =IF(ISBLANK(DB24),"",DB24) | DQ24: {=IFERROR(IF(DK24="ac"+ISNUMBER(SEARCH("'",DP24))+DO24="","", IF(ISNUMBER(SEARCH("lw",DP24)), DC24 + SUBSTITUTE(DP24,"lw+",""), MROUND(SWITCH(DK24,"sq",DO$7,"bn",DP$7,"dl",DQ$7,"")*IF(DP24>10, DP24/100, VLOOKUP(DP24, _rpe,SUBSTITUTE(DO24,"+","")+1,0)), IF( SWITCH(DK24,"sq",DO$7,"bn",DP$7,"dl", DQ$7,"")< IF(_uom="lbs", 175, 80), 1.25, IF(_uom="lbs",5,2.5))))), "")} | DU24: =IFERROR(__xludf.DUMMYFUNCTION("IF(DQ24=MAX(FILTER(DQ$10:DQ$199,LOOKUP(ROW(DK$10:DK$199),FILTER(ROW(DK$10:DK$199),DK$10:DK$199<>DK$9:DK$198))=LOOKUP(ROW(DK24),FILTER(ROW(DK$10:DK$199),DK$10:DK$199<>DK$9:DK$198)))),DR24,)"),"") | IW24: =IF(ISBLANK(#REF!),"",#REF!) -> #REF! | IY24: #REF!
C25: =IFERROR(__xludf.DUMMYFUNCTION("""COMPUTED_VALUE"""),"") | D25: 46111 | I25: {=IFERROR(IF(C25="ac"+ISNUMBER(SEARCH("'",H25))+G25="","", MROUND(SWITCH(C25,"sq",'Personal Info'!$O$15,"bn",'Personal Info'!$S$15,"dl",'Personal Info'!$W$15,"")*IF(H25>10, H25/100, VLOOKUP(H25, _rpe,SUBSTITUTE(G25,"+","")+1,0)), IF( SWITCH(C25:C210,"sq",'Personal Info'!$O$15,"bn",'Personal Info'!$S$15,"dl", 'Personal Info'!$W$15,"")< IF(_uom="lbs", 175, 80), 1.25, IF(_uom="lbs",5,2.5)))),"")} | M25: =IFERROR(__xludf.DUMMYFUNCTION("IF(I25=MAX(FILTER(I$10:I$199,LOOKUP(ROW(C$10:C$199),FILTER(ROW(C$10:C$199),C$10:C$199<>C$9:C$198))=LOOKUP(ROW(C25),FILTER(ROW(C$10:C$199),C$10:C$199<>C$9:C$198)))),J25,)"),"") | P25: =IF(ISBLANK(B25),"",B25) | Q25: =IFERROR(__xludf.DUMMYFUNCTION("""COMPUTED_VALUE"""),"") | R25: 46118 | S25: =IF(ISBLANK(E25),"",E25) | T25: =IF(ISBLANK(F25),"",F25) | U25: =IF( OR(ISBLANK(G25),G25=""),"", G25) | V25: =IF(ISBLANK(H25),"",H25) | W25: {=IFERROR(IF(Q25="ac"+ISNUMBER(SEARCH("'",V25))+U25="","", IF(ISNUMBER(SEARCH("lw",V25)), I25 + SUBSTITUTE(V25,"lw+",""), MROUND(SWITCH(Q25,"sq",U$7,"bn",V$7,"dl",W$7,"")*IF(V25>10, V25/100, VLOOKUP(V25, _rpe,SUBSTITUTE(U25,"+","")+1,0)), IF( SWITCH(Q25,"sq",U$7,"bn",V$7,"dl", W$7,"")< IF(_uom="lbs", 175, 80), 1.25, IF(_uom="lbs",5,2.5))))), "")} | AA25: =IFERROR(__xludf.DUMMYFUNCTION("IF(W25=MAX(FILTER(W$10:W$199,LOOKUP(ROW(Q$10:Q$199),FILTER(ROW(Q$10:Q$199),Q$10:Q$199<>Q$9:Q$198))=LOOKUP(ROW(Q25),FILTER(ROW(Q$10:Q$199),Q$10:Q$199<>Q$9:Q$198)))),X25,)"),"") | AD25: =IF(ISBLANK(P25),"",P25) | AE25: =IFERROR(__xludf.DUMMYFUNCTION("""COMPUTED_VALUE"""),"") | AF25: 46125 | AG25: =IF(ISBLANK(S25),"",S25) | AH25: =IF(ISBLANK(T25),"",T25) | AI25: =IF( OR(ISBLANK(U25),U25=""),"", U25) | AJ25: =IF(ISBLANK(V25),"",V25) | AK25: {=IFERROR(IF(AE25="ac"+ISNUMBER(SEARCH("'",AJ25))+AI25="","", IF(ISNUMBER(SEARCH("lw",AJ25)), W25 + SUBSTITUTE(AJ25,"lw+",""), MROUND(SWITCH(AE25,"sq",AI$7,"bn",AJ$7,"dl",AK$7,"")*IF(AJ25>10, AJ25/100, VLOOKUP(AJ25, _rpe,SUBSTITUTE(AI25,"+","")+1,0)), IF( SWITCH(AE25,"sq",AI$7,"bn",AJ$7,"dl", AK$7,"")< IF(_uom="lbs", 175, 80), 1.25, IF(_uom="lbs",5,2.5))))), "")} | AO25: =IFERROR(__xludf.DUMMYFUNCTION("IF(AK25=MAX(FILTER(AK$10:AK$199,LOOKUP(ROW(AE$10:AE$199),FILTER(ROW(AE$10:AE$199),AE$10:AE$199<>AE$9:AE$198))=LOOKUP(ROW(AE25),FILTER(ROW(AE$10:AE$199),AE$10:AE$199<>AE$9:AE$198)))),AL25,)"),"") | AR25: =IF(ISBLANK(AD25),"",AD25) | AS25: =IFERROR(__xludf.DUMMYFUNCTION("""COMPUTED_VALUE"""),"") | AT25: 46132 | AU25: =IF(ISBLANK(AG25),"",AG25) | AV25: =IF(ISBLANK(AH25),"",AH25) | AW25: =IF( OR(ISBLANK(AI25),AI25=""),"", AI25) | AX25: =IF(ISBLANK(AJ25),"",AJ25) | AY25: {=IFERROR(IF(AS25="ac"+ISNUMBER(SEARCH("'",AX25))+AW25="","", IF(ISNUMBER(SEARCH("lw",AX25)), AK25 + SUBSTITUTE(AX25,"lw+",""), MROUND(SWITCH(AS25,"sq",AW$7,"bn",AX$7,"dl",AY$7,"")*IF(AX25>10, AX25/100, VLOOKUP(AX25, _rpe,SUBSTITUTE(AW25,"+","")+1,0)), IF( SWITCH(AS25,"sq",AW$7,"bn",AX$7,"dl", AY$7,"")< IF(_uom="lbs", 175, 80), 1.25, IF(_uom="lbs",5,2.5))))), "")} | BC25: =IFERROR(__xludf.DUMMYFUNCTION("IF(AY25=MAX(FILTER(AY$10:AY$199,LOOKUP(ROW(AS$10:AS$199),FILTER(ROW(AS$10:AS$199),AS$10:AS$199<>AS$9:AS$198))=LOOKUP(ROW(AS25),FILTER(ROW(AS$10:AS$199),AS$10:AS$199<>AS$9:AS$198)))),AZ25,)"),"") | BF25: =IF(ISBLANK(AR25),"",AR25) | BG25: =IFERROR(__xludf.DUMMYFUNCTION("""COMPUTED_VALUE"""),"") | BH25: 46139 | BI25: =IF(ISBLANK(AU25),"",AU25) | BJ25: =IF(ISBLANK(AV25),"",AV25) | BK25: =IF( OR(ISBLANK(AW25),AW25=""),"", AW25) | BL25: =IF(ISBLANK(AX25),"",AX25) | BM25: {=IFERROR(IF(BG25="ac"+ISNUMBER(SEARCH("'",BL25))+BK25="","", IF(ISNUMBER(SEARCH("lw",BL25)), AY25 + SUBSTITUTE(BL25,"lw+",""), MROUND(SWITCH(BG25,"sq",BK$7,"bn",BL$7,"dl",BM$7,"")*IF(BL25>10, BL25/100, VLOOKUP(BL25, _rpe,SUBSTITUTE(BK25,"+","")+1,0)), IF( SWITCH(BG25,"sq",BK$7,"bn",BL$7,"dl", BM$7,"")< IF(_uom="lbs", 175, 80), 1.25, IF(_uom="lbs",5,2.5))))), "")} | BQ25: =IFERROR(__xludf.DUMMYFUNCTION("IF(BM25=MAX(FILTER(BM$10:BM$199,LOOKUP(ROW(BG$10:BG$199),FILTER(ROW(BG$10:BG$199),BG$10:BG$199<>BG$9:BG$198))=LOOKUP(ROW(BG25),FILTER(ROW(BG$10:BG$199),BG$10:BG$199<>BG$9:BG$198)))),BN25,)"),"") | BT25: =IF(ISBLANK(BF25),"",BF25) | BU25: =IFERROR(__xludf.DUMMYFUNCTION("""COMPUTED_VALUE"""),"") | BV25: 46146 | BW25: =IF(ISBLANK(BI25),"",BI25) | BX25: =IF(ISBLANK(BJ25),"",BJ25) | BY25: =IF( OR(ISBLANK(BK25),BK25=""),"", BK25) | BZ25: =IF(ISBLANK(BL25),"",BL25) | CA25: {=IFERROR(IF(BU25="ac"+ISNUMBER(SEARCH("'",BZ25))+BY25="","", IF(ISNUMBER(SEARCH("lw",BZ25)), BM25 + SUBSTITUTE(BZ25,"lw+",""), MROUND(SWITCH(BU25,"sq",BY$7,"bn",BZ$7,"dl",CA$7,"")*IF(BZ25>10, BZ25/100, VLOOKUP(BZ25, _rpe,SUBSTITUTE(BY25,"+","")+1,0)), IF( SWITCH(BU25,"sq",BY$7,"bn",BZ$7,"dl", CA$7,"")< IF(_uom="lbs", 175, 80), 1.25, IF(_uom="lbs",5,2.5))))), "")} | CE25: =IFERROR(__xludf.DUMMYFUNCTION("IF(CA25=MAX(FILTER(CA$10:CA$199,LOOKUP(ROW(BU$10:BU$199),FILTER(ROW(BU$10:BU$199),BU$10:BU$199<>BU$9:BU$198))=LOOKUP(ROW(BU25),FILTER(ROW(BU$10:BU$199),BU$10:BU$199<>BU$9:BU$198)))),CB25,)"),"") | CH25: =IF(ISBLANK(BT25),"",BT25) | CI25: =IFERROR(__xludf.DUMMYFUNCTION("""COMPUTED_VALUE"""),"") | CJ25: 46153 | CK25: =IF(ISBLANK(BW25),"",BW25) | CL25: =IF(ISBLANK(BX25),"",BX25) | CM25: =IF( OR(ISBLANK(BY25),BY25=""),"", BY25) | CN25: =IF(ISBLANK(BZ25),"",BZ25) | CO25: {=IFERROR(IF(CI25="ac"+ISNUMBER(SEARCH("'",CN25))+CM25="","", IF(ISNUMBER(SEARCH("lw",CN25)), CA25 + SUBSTITUTE(CN25,"lw+",""), MROUND(SWITCH(CI25,"sq",CM$7,"bn",CN$7,"dl",CO$7,"")*IF(CN25>10, CN25/100, VLOOKUP(CN25, _rpe,SUBSTITUTE(CM25,"+","")+1,0)), IF( SWITCH(CI25,"sq",CM$7,"bn",CN$7,"dl", CO$7,"")< IF(_uom="lbs", 175, 80), 1.25, IF(_uom="lbs",5,2.5))))), "")} | CS25: =IFERROR(__xludf.DUMMYFUNCTION("IF(CO25=MAX(FILTER(CO$10:CO$199,LOOKUP(ROW(CI$10:CI$199),FILTER(ROW(CI$10:CI$199),CI$10:CI$199<>CI$9:CI$198))=LOOKUP(ROW(CI25),FILTER(ROW(CI$10:CI$199),CI$10:CI$199<>CI$9:CI$198)))),CP25,)"),"") | CV25: =IF(ISBLANK(CH25),"",CH25) | CW25: =IFERROR(__xludf.DUMMYFUNCTION("""COMPUTED_VALUE"""),"") | CX25: 46160 | CY25: =IF(ISBLANK(CK25),"",CK25) | CZ25: =IF(ISBLANK(CL25),"",CL25) | DA25: =IF( OR(ISBLANK(CM25),CM25=""),"", CM25) | DB25: =IF(ISBLANK(CN25),"",CN25) | DC25: {=IFERROR(IF(CW25="ac"+ISNUMBER(SEARCH("'",DB25))+DA25="","", IF(ISNUMBER(SEARCH("lw",DB25)), CO25 + SUBSTITUTE(DB25,"lw+",""), MROUND(SWITCH(CW25,"sq",DA$7,"bn",DB$7,"dl",DC$7,"")*IF(DB25>10, DB25/100, VLOOKUP(DB25, _rpe,SUBSTITUTE(DA25,"+","")+1,0)), IF( SWITCH(CW25,"sq",DA$7,"bn",DB$7,"dl", DC$7,"")< IF(_uom="lbs", 175, 80), 1.25, IF(_uom="lbs",5,2.5))))), "")} | DG25: =IFERROR(__xludf.DUMMYFUNCTION("IF(DC25=MAX(FILTER(DC$10:DC$199,LOOKUP(ROW(CW$10:CW$199),FILTER(ROW(CW$10:CW$199),CW$10:CW$199<>CW$9:CW$198))=LOOKUP(ROW(CW25),FILTER(ROW(CW$10:CW$199),CW$10:CW$199<>CW$9:CW$198)))),DD25,)"),"") | DJ25: =IF(ISBLANK(CV25),"",CV25) | DK25: =IFERROR(__xludf.DUMMYFUNCTION("""COMPUTED_VALUE"""),"") | DL25: 46167 | DM25: =IF(ISBLANK(CY25),"",CY25) | DN25: =IF(ISBLANK(CZ25),"",CZ25) | DO25: =IF( OR(ISBLANK(DA25),DA25=""),"", DA25) | DP25: =IF(ISBLANK(DB25),"",DB25) | DQ25: {=IFERROR(IF(DK25="ac"+ISNUMBER(SEARCH("'",DP25))+DO25="","", IF(ISNUMBER(SEARCH("lw",DP25)), DC25 + SUBSTITUTE(DP25,"lw+",""), MROUND(SWITCH(DK25,"sq",DO$7,"bn",DP$7,"dl",DQ$7,"")*IF(DP25>10, DP25/100, VLOOKUP(DP25, _rpe,SUBSTITUTE(DO25,"+","")+1,0)), IF( SWITCH(DK25,"sq",DO$7,"bn",DP$7,"dl", DQ$7,"")< IF(_uom="lbs", 175, 80), 1.25, IF(_uom="lbs",5,2.5))))), "")} | DU25: =IFERROR(__xludf.DUMMYFUNCTION("IF(DQ25=MAX(FILTER(DQ$10:DQ$199,LOOKUP(ROW(DK$10:DK$199),FILTER(ROW(DK$10:DK$199),DK$10:DK$199<>DK$9:DK$198))=LOOKUP(ROW(DK25),FILTER(ROW(DK$10:DK$199),DK$10:DK$199<>DK$9:DK$198)))),DR25,)"),"") | IW25: =IF(ISBLANK(#REF!),"",#REF!) -> #REF! | IY25: #REF!
C26: =IFERROR(__xludf.DUMMYFUNCTION("""COMPUTED_VALUE"""),"") | D26: 46111 | I26: {=IFERROR(IF(C26="ac"+ISNUMBER(SEARCH("'",H26))+G26="","", MROUND(SWITCH(C26,"sq",'Personal Info'!$O$15,"bn",'Personal Info'!$S$15,"dl",'Personal Info'!$W$15,"")*IF(H26>10, H26/100, VLOOKUP(H26, _rpe,SUBSTITUTE(G26,"+","")+1,0)), IF( SWITCH(C26:C210,"sq",'Personal Info'!$O$15,"bn",'Personal Info'!$S$15,"dl", 'Personal Info'!$W$15,"")< IF(_uom="lbs", 175, 80), 1.25, IF(_uom="lbs",5,2.5)))),"")} | M26: =IFERROR(__xludf.DUMMYFUNCTION("IF(I26=MAX(FILTER(I$10:I$199,LOOKUP(ROW(C$10:C$199),FILTER(ROW(C$10:C$199),C$10:C$199<>C$9:C$198))=LOOKUP(ROW(C26),FILTER(ROW(C$10:C$199),C$10:C$199<>C$9:C$198)))),J26,)"),"") | P26: =IF(ISBLANK(B26),"",B26) | Q26: =IFERROR(__xludf.DUMMYFUNCTION("""COMPUTED_VALUE"""),"") | R26: 46118 | S26: =IF(ISBLANK(E26),"",E26) | T26: =IF(ISBLANK(F26),"",F26) | U26: =IF( OR(ISBLANK(G26),G26=""),"", G26) | V26: =IF(ISBLANK(H26),"",H26) | W26: {=IFERROR(IF(Q26="ac"+ISNUMBER(SEARCH("'",V26))+U26="","", IF(ISNUMBER(SEARCH("lw",V26)), I26 + SUBSTITUTE(V26,"lw+",""), MROUND(SWITCH(Q26,"sq",U$7,"bn",V$7,"dl",W$7,"")*IF(V26>10, V26/100, VLOOKUP(V26, _rpe,SUBSTITUTE(U26,"+","")+1,0)), IF( SWITCH(Q26,"sq",U$7,"bn",V$7,"dl", W$7,"")< IF(_uom="lbs", 175, 80), 1.25, IF(_uom="lbs",5,2.5))))), "")} | AA26: =IFERROR(__xludf.DUMMYFUNCTION("IF(W26=MAX(FILTER(W$10:W$199,LOOKUP(ROW(Q$10:Q$199),FILTER(ROW(Q$10:Q$199),Q$10:Q$199<>Q$9:Q$198))=LOOKUP(ROW(Q26),FILTER(ROW(Q$10:Q$199),Q$10:Q$199<>Q$9:Q$198)))),X26,)"),"") | AD26: =IF(ISBLANK(P26),"",P26) | AE26: =IFERROR(__xludf.DUMMYFUNCTION("""COMPUTED_VALUE"""),"") | AF26: 46125 | AG26: =IF(ISBLANK(S26),"",S26) | AH26: =IF(ISBLANK(T26),"",T26) | AI26: =IF( OR(ISBLANK(U26),U26=""),"", U26) | AJ26: =IF(ISBLANK(V26),"",V26) | AK26: {=IFERROR(IF(AE26="ac"+ISNUMBER(SEARCH("'",AJ26))+AI26="","", IF(ISNUMBER(SEARCH("lw",AJ26)), W26 + SUBSTITUTE(AJ26,"lw+",""), MROUND(SWITCH(AE26,"sq",AI$7,"bn",AJ$7,"dl",AK$7,"")*IF(AJ26>10, AJ26/100, VLOOKUP(AJ26, _rpe,SUBSTITUTE(AI26,"+","")+1,0)), IF( SWITCH(AE26,"sq",AI$7,"bn",AJ$7,"dl", AK$7,"")< IF(_uom="lbs", 175, 80), 1.25, IF(_uom="lbs",5,2.5))))), "")} | AO26: =IFERROR(__xludf.DUMMYFUNCTION("IF(AK26=MAX(FILTER(AK$10:AK$199,LOOKUP(ROW(AE$10:AE$199),FILTER(ROW(AE$10:AE$199),AE$10:AE$199<>AE$9:AE$198))=LOOKUP(ROW(AE26),FILTER(ROW(AE$10:AE$199),AE$10:AE$199<>AE$9:AE$198)))),AL26,)"),"") | AR26: =IF(ISBLANK(AD26),"",AD26) | AS26: =IFERROR(__xludf.DUMMYFUNCTION("""COMPUTED_VALUE"""),"") | AT26: 46132 | AU26: =IF(ISBLANK(AG26),"",AG26) | AV26: =IF(ISBLANK(AH26),"",AH26) | AW26: =IF( OR(ISBLANK(AI26),AI26=""),"", AI26) | AX26: =IF(ISBLANK(AJ26),"",AJ26) | AY26: {=IFERROR(IF(AS26="ac"+ISNUMBER(SEARCH("'",AX26))+AW26="","", IF(ISNUMBER(SEARCH("lw",AX26)), AK26 + SUBSTITUTE(AX26,"lw+",""), MROUND(SWITCH(AS26,"sq",AW$7,"bn",AX$7,"dl",AY$7,"")*IF(AX26>10, AX26/100, VLOOKUP(AX26, _rpe,SUBSTITUTE(AW26,"+","")+1,0)), IF( SWITCH(AS26,"sq",AW$7,"bn",AX$7,"dl", AY$7,"")< IF(_uom="lbs", 175, 80), 1.25, IF(_uom="lbs",5,2.5))))), "")} | BC26: =IFERROR(__xludf.DUMMYFUNCTION("IF(AY26=MAX(FILTER(AY$10:AY$199,LOOKUP(ROW(AS$10:AS$199),FILTER(ROW(AS$10:AS$199),AS$10:AS$199<>AS$9:AS$198))=LOOKUP(ROW(AS26),FILTER(ROW(AS$10:AS$199),AS$10:AS$199<>AS$9:AS$198)))),AZ26,)"),"") | BF26: =IF(ISBLANK(AR26),"",AR26) | BG26: =IFERROR(__xludf.DUMMYFUNCTION("""COMPUTED_VALUE"""),"") | BH26: 46139 | BI26: =IF(ISBLANK(AU26),"",AU26) | BJ26: =IF(ISBLANK(AV26),"",AV26) | BK26: =IF( OR(ISBLANK(AW26),AW26=""),"", AW26) | BL26: =IF(ISBLANK(AX26),"",AX26) | BM26: {=IFERROR(IF(BG26="ac"+ISNUMBER(SEARCH("'",BL26))+BK26="","", IF(ISNUMBER(SEARCH("lw",BL26)), AY26 + SUBSTITUTE(BL26,"lw+",""), MROUND(SWITCH(BG26,"sq",BK$7,"bn",BL$7,"dl",BM$7,"")*IF(BL26>10, BL26/100, VLOOKUP(BL26, _rpe,SUBSTITUTE(BK26,"+","")+1,0)), IF( SWITCH(BG26,"sq",BK$7,"bn",BL$7,"dl", BM$7,"")< IF(_uom="lbs", 175, 80), 1.25, IF(_uom="lbs",5,2.5))))), "")} | BQ26: =IFERROR(__xludf.DUMMYFUNCTION("IF(BM26=MAX(FILTER(BM$10:BM$199,LOOKUP(ROW(BG$10:BG$199),FILTER(ROW(BG$10:BG$199),BG$10:BG$199<>BG$9:BG$198))=LOOKUP(ROW(BG26),FILTER(ROW(BG$10:BG$199),BG$10:BG$199<>BG$9:BG$198)))),BN26,)"),"") | BT26: =IF(ISBLANK(BF26),"",BF26) | BU26: =IFERROR(__xludf.DUMMYFUNCTION("""COMPUTED_VALUE"""),"") | BV26: 46146 | BW26: =IF(ISBLANK(BI26),"",BI26) | BX26: =IF(ISBLANK(BJ26),"",BJ26) | BY26: =IF( OR(ISBLANK(BK26),BK26=""),"", BK26) | BZ26: =IF(ISBLANK(BL26),"",BL26) | CA26: {=IFERROR(IF(BU26="ac"+ISNUMBER(SEARCH("'",BZ26))+BY26="","", IF(ISNUMBER(SEARCH("lw",BZ26)), BM26 + SUBSTITUTE(BZ26,"lw+",""), MROUND(SWITCH(BU26,"sq",BY$7,"bn",BZ$7,"dl",CA$7,"")*IF(BZ26>10, BZ26/100, VLOOKUP(BZ26, _rpe,SUBSTITUTE(BY26,"+","")+1,0)), IF( SWITCH(BU26,"sq",BY$7,"bn",BZ$7,"dl", CA$7,"")< IF(_uom="lbs", 175, 80), 1.25, IF(_uom="lbs",5,2.5))))), "")} | CE26: =IFERROR(__xludf.DUMMYFUNCTION("IF(CA26=MAX(FILTER(CA$10:CA$199,LOOKUP(ROW(BU$10:BU$199),FILTER(ROW(BU$10:BU$199),BU$10:BU$199<>BU$9:BU$198))=LOOKUP(ROW(BU26),FILTER(ROW(BU$10:BU$199),BU$10:BU$199<>BU$9:BU$198)))),CB26,)"),"") | CH26: =IF(ISBLANK(BT26),"",BT26) | CI26: =IFERROR(__xludf.DUMMYFUNCTION("""COMPUTED_VALUE"""),"") | CJ26: 46153 | CK26: =IF(ISBLANK(BW26),"",BW26) | CL26: =IF(ISBLANK(BX26),"",BX26) | CM26: =IF( OR(ISBLANK(BY26),BY26=""),"", BY26) | CN26: =IF(ISBLANK(BZ26),"",BZ26) | CO26: {=IFERROR(IF(CI26="ac"+ISNUMBER(SEARCH("'",CN26))+CM26="","", IF(ISNUMBER(SEARCH("lw",CN26)), CA26 + SUBSTITUTE(CN26,"lw+",""), MROUND(SWITCH(CI26,"sq",CM$7,"bn",CN$7,"dl",CO$7,"")*IF(CN26>10, CN26/100, VLOOKUP(CN26, _rpe,SUBSTITUTE(CM26,"+","")+1,0)), IF( SWITCH(CI26,"sq",CM$7,"bn",CN$7,"dl", CO$7,"")< IF(_uom="lbs", 175, 80), 1.25, IF(_uom="lbs",5,2.5))))), "")} | CS26: =IFERROR(__xludf.DUMMYFUNCTION("IF(CO26=MAX(FILTER(CO$10:CO$199,LOOKUP(ROW(CI$10:CI$199),FILTER(ROW(CI$10:CI$199),CI$10:CI$199<>CI$9:CI$198))=LOOKUP(ROW(CI26),FILTER(ROW(CI$10:CI$199),CI$10:CI$199<>CI$9:CI$198)))),CP26,)"),"") | CV26: =IF(ISBLANK(CH26),"",CH26) | CW26: =IFERROR(__xludf.DUMMYFUNCTION("""COMPUTED_VALUE"""),"") | CX26: 46160 | CY26: =IF(ISBLANK(CK26),"",CK26) | CZ26: =IF(ISBLANK(CL26),"",CL26) | DA26: =IF( OR(ISBLANK(CM26),CM26=""),"", CM26) | DB26: =IF(ISBLANK(CN26),"",CN26) | DC26: {=IFERROR(IF(CW26="ac"+ISNUMBER(SEARCH("'",DB26))+DA26="","", IF(ISNUMBER(SEARCH("lw",DB26)), CO26 + SUBSTITUTE(DB26,"lw+",""), MROUND(SWITCH(CW26,"sq",DA$7,"bn",DB$7,"dl",DC$7,"")*IF(DB26>10, DB26/100, VLOOKUP(DB26, _rpe,SUBSTITUTE(DA26,"+","")+1,0)), IF( SWITCH(CW26,"sq",DA$7,"bn",DB$7,"dl", DC$7,"")< IF(_uom="lbs", 175, 80), 1.25, IF(_uom="lbs",5,2.5))))), "")} | DG26: =IFERROR(__xludf.DUMMYFUNCTION("IF(DC26=MAX(FILTER(DC$10:DC$199,LOOKUP(ROW(CW$10:CW$199),FILTER(ROW(CW$10:CW$199),CW$10:CW$199<>CW$9:CW$198))=LOOKUP(ROW(CW26),FILTER(ROW(CW$10:CW$199),CW$10:CW$199<>CW$9:CW$198)))),DD26,)"),"") | DJ26: =IF(ISBLANK(CV26),"",CV26) | DK26: =IFERROR(__xludf.DUMMYFUNCTION("""COMPUTED_VALUE"""),"") | DL26: 46167 | DM26: =IF(ISBLANK(CY26),"",CY26) | DN26: =IF(ISBLANK(CZ26),"",CZ26) | DO26: =IF( OR(ISBLANK(DA26),DA26=""),"", DA26) | DP26: =IF(ISBLANK(DB26),"",DB26) | DQ26: {=IFERROR(IF(DK26="ac"+ISNUMBER(SEARCH("'",DP26))+DO26="","", IF(ISNUMBER(SEARCH("lw",DP26)), DC26 + SUBSTITUTE(DP26,"lw+",""), MROUND(SWITCH(DK26,"sq",DO$7,"bn",DP$7,"dl",DQ$7,"")*IF(DP26>10, DP26/100, VLOOKUP(DP26, _rpe,SUBSTITUTE(DO26,"+","")+1,0)), IF( SWITCH(DK26,"sq",DO$7,"bn",DP$7,"dl", DQ$7,"")< IF(_uom="lbs", 175, 80), 1.25, IF(_uom="lbs",5,2.5))))), "")} | DU26: =IFERROR(__xludf.DUMMYFUNCTION("IF(DQ26=MAX(FILTER(DQ$10:DQ$199,LOOKUP(ROW(DK$10:DK$199),FILTER(ROW(DK$10:DK$199),DK$10:DK$199<>DK$9:DK$198))=LOOKUP(ROW(DK26),FILTER(ROW(DK$10:DK$199),DK$10:DK$199<>DK$9:DK$198)))),DR26,)"),"") | IW26: =IF(ISBLANK(#REF!),"",#REF!) -> #REF! | IY26: #REF!
C27: =IFERROR(__xludf.DUMMYFUNCTION("""COMPUTED_VALUE"""),"") | D27: 46111 | I27: {=IFERROR(IF(C27="ac"+ISNUMBER(SEARCH("'",H27))+G27="","", MROUND(SWITCH(C27,"sq",'Personal Info'!$O$15,"bn",'Personal Info'!$S$15,"dl",'Personal Info'!$W$15,"")*IF(H27>10, H27/100, VLOOKUP(H27, _rpe,SUBSTITUTE(G27,"+","")+1,0)), IF( SWITCH(C27:C210,"sq",'Personal Info'!$O$15,"bn",'Personal Info'!$S$15,"dl", 'Personal Info'!$W$15,"")< IF(_uom="lbs", 175, 80), 1.25, IF(_uom="lbs",5,2.5)))),"")} | M27: =IFERROR(__xludf.DUMMYFUNCTION("IF(I27=MAX(FILTER(I$10:I$199,LOOKUP(ROW(C$10:C$199),FILTER(ROW(C$10:C$199),C$10:C$199<>C$9:C$198))=LOOKUP(ROW(C27),FILTER(ROW(C$10:C$199),C$10:C$199<>C$9:C$198)))),J27,)"),"") | P27: =IF(ISBLANK(B27),"",B27) | Q27: =IFERROR(__xludf.DUMMYFUNCTION("""COMPUTED_VALUE"""),"") | R27: 46118 | S27: =IF(ISBLANK(E27),"",E27) | T27: =IF(ISBLANK(F27),"",F27) | U27: =IF( OR(ISBLANK(G27),G27=""),"", G27) | V27: =IF(ISBLANK(H27),"",H27) | W27: {=IFERROR(IF(Q27="ac"+ISNUMBER(SEARCH("'",V27))+U27="","", IF(ISNUMBER(SEARCH("lw",V27)), I27 + SUBSTITUTE(V27,"lw+",""), MROUND(SWITCH(Q27,"sq",U$7,"bn",V$7,"dl",W$7,"")*IF(V27>10, V27/100, VLOOKUP(V27, _rpe,SUBSTITUTE(U27,"+","")+1,0)), IF( SWITCH(Q27,"sq",U$7,"bn",V$7,"dl", W$7,"")< IF(_uom="lbs", 175, 80), 1.25, IF(_uom="lbs",5,2.5))))), "")} | AA27: =IFERROR(__xludf.DUMMYFUNCTION("IF(W27=MAX(FILTER(W$10:W$199,LOOKUP(ROW(Q$10:Q$199),FILTER(ROW(Q$10:Q$199),Q$10:Q$199<>Q$9:Q$198))=LOOKUP(ROW(Q27),FILTER(ROW(Q$10:Q$199),Q$10:Q$199<>Q$9:Q$198)))),X27,)"),"") | AD27: =IF(ISBLANK(P27),"",P27) | AE27: =IFERROR(__xludf.DUMMYFUNCTION("""COMPUTED_VALUE"""),"") | AF27: 46125 | AG27: =IF(ISBLANK(S27),"",S27) | AH27: =IF(ISBLANK(T27),"",T27) | AI27: =IF( OR(ISBLANK(U27),U27=""),"", U27) | AJ27: =IF(ISBLANK(V27),"",V27) | AK27: {=IFERROR(IF(AE27="ac"+ISNUMBER(SEARCH("'",AJ27))+AI27="","", IF(ISNUMBER(SEARCH("lw",AJ27)), W27 + SUBSTITUTE(AJ27,"lw+",""), MROUND(SWITCH(AE27,"sq",AI$7,"bn",AJ$7,"dl",AK$7,"")*IF(AJ27>10, AJ27/100, VLOOKUP(AJ27, _rpe,SUBSTITUTE(AI27,"+","")+1,0)), IF( SWITCH(AE27,"sq",AI$7,"bn",AJ$7,"dl", AK$7,"")< IF(_uom="lbs", 175, 80), 1.25, IF(_uom="lbs",5,2.5))))), "")} | AO27: =IFERROR(__xludf.DUMMYFUNCTION("IF(AK27=MAX(FILTER(AK$10:AK$199,LOOKUP(ROW(AE$10:AE$199),FILTER(ROW(AE$10:AE$199),AE$10:AE$199<>AE$9:AE$198))=LOOKUP(ROW(AE27),FILTER(ROW(AE$10:AE$199),AE$10:AE$199<>AE$9:AE$198)))),AL27,)"),"") | AR27: =IF(ISBLANK(AD27),"",AD27) | AS27: =IFERROR(__xludf.DUMMYFUNCTION("""COMPUTED_VALUE"""),"") | AT27: 46132 | AU27: =IF(ISBLANK(AG27),"",AG27) | AV27: =IF(ISBLANK(AH27),"",AH27) | AW27: =IF( OR(ISBLANK(AI27),AI27=""),"", AI27) | AX27: =IF(ISBLANK(AJ27),"",AJ27) | AY27: {=IFERROR(IF(AS27="ac"+ISNUMBER(SEARCH("'",AX27))+AW27="","", IF(ISNUMBER(SEARCH("lw",AX27)), AK27 + SUBSTITUTE(AX27,"lw+",""), MROUND(SWITCH(AS27,"sq",AW$7,"bn",AX$7,"dl",AY$7,"")*IF(AX27>10, AX27/100, VLOOKUP(AX27, _rpe,SUBSTITUTE(AW27,"+","")+1,0)), IF( SWITCH(AS27,"sq",AW$7,"bn",AX$7,"dl", AY$7,"")< IF(_uom="lbs", 175, 80), 1.25, IF(_uom="lbs",5,2.5))))), "")} | BC27: =IFERROR(__xludf.DUMMYFUNCTION("IF(AY27=MAX(FILTER(AY$10:AY$199,LOOKUP(ROW(AS$10:AS$199),FILTER(ROW(AS$10:AS$199),AS$10:AS$199<>AS$9:AS$198))=LOOKUP(ROW(AS27),FILTER(ROW(AS$10:AS$199),AS$10:AS$199<>AS$9:AS$198)))),AZ27,)"),"") | BF27: =IF(ISBLANK(AR27),"",AR27) | BG27: =IFERROR(__xludf.DUMMYFUNCTION("""COMPUTED_VALUE"""),"") | BH27: 46139 | BI27: =IF(ISBLANK(AU27),"",AU27) | BJ27: =IF(ISBLANK(AV27),"",AV27) | BK27: =IF( OR(ISBLANK(AW27),AW27=""),"", AW27) | BL27: =IF(ISBLANK(AX27),"",AX27) | BM27: {=IFERROR(IF(BG27="ac"+ISNUMBER(SEARCH("'",BL27))+BK27="","", IF(ISNUMBER(SEARCH("lw",BL27)), AY27 + SUBSTITUTE(BL27,"lw+",""), MROUND(SWITCH(BG27,"sq",BK$7,"bn",BL$7,"dl",BM$7,"")*IF(BL27>10, BL27/100, VLOOKUP(BL27, _rpe,SUBSTITUTE(BK27,"+","")+1,0)), IF( SWITCH(BG27,"sq",BK$7,"bn",BL$7,"dl", BM$7,"")< IF(_uom="lbs", 175, 80), 1.25, IF(_uom="lbs",5,2.5))))), "")} | BQ27: =IFERROR(__xludf.DUMMYFUNCTION("IF(BM27=MAX(FILTER(BM$10:BM$199,LOOKUP(ROW(BG$10:BG$199),FILTER(ROW(BG$10:BG$199),BG$10:BG$199<>BG$9:BG$198))=LOOKUP(ROW(BG27),FILTER(ROW(BG$10:BG$199),BG$10:BG$199<>BG$9:BG$198)))),BN27,)"),"") | BT27: =IF(ISBLANK(BF27),"",BF27) | BU27: =IFERROR(__xludf.DUMMYFUNCTION("""COMPUTED_VALUE"""),"") | BV27: 46146 | BW27: =IF(ISBLANK(BI27),"",BI27) | BX27: =IF(ISBLANK(BJ27),"",BJ27) | BY27: =IF( OR(ISBLANK(BK27),BK27=""),"", BK27) | BZ27: =IF(ISBLANK(BL27),"",BL27) | CA27: {=IFERROR(IF(BU27="ac"+ISNUMBER(SEARCH("'",BZ27))+BY27="","", IF(ISNUMBER(SEARCH("lw",BZ27)), BM27 + SUBSTITUTE(BZ27,"lw+",""), MROUND(SWITCH(BU27,"sq",BY$7,"bn",BZ$7,"dl",CA$7,"")*IF(BZ27>10, BZ27/100, VLOOKUP(BZ27, _rpe,SUBSTITUTE(BY27,"+","")+1,0)), IF( SWITCH(BU27,"sq",BY$7,"bn",BZ$7,"dl", CA$7,"")< IF(_uom="lbs", 175, 80), 1.25, IF(_uom="lbs",5,2.5))))), "")} | CE27: =IFERROR(__xludf.DUMMYFUNCTION("IF(CA27=MAX(FILTER(CA$10:CA$199,LOOKUP(ROW(BU$10:BU$199),FILTER(ROW(BU$10:BU$199),BU$10:BU$199<>BU$9:BU$198))=LOOKUP(ROW(BU27),FILTER(ROW(BU$10:BU$199),BU$10:BU$199<>BU$9:BU$198)))),CB27,)"),"") | CH27: =IF(ISBLANK(BT27),"",BT27) | CI27: =IFERROR(__xludf.DUMMYFUNCTION("""COMPUTED_VALUE"""),"") | CJ27: 46153 | CK27: =IF(ISBLANK(BW27),"",BW27) | CL27: =IF(ISBLANK(BX27),"",BX27) | CM27: =IF( OR(ISBLANK(BY27),BY27=""),"", BY27) | CN27: =IF(ISBLANK(BZ27),"",BZ27) | CO27: {=IFERROR(IF(CI27="ac"+ISNUMBER(SEARCH("'",CN27))+CM27="","", IF(ISNUMBER(SEARCH("lw",CN27)), CA27 + SUBSTITUTE(CN27,"lw+",""), MROUND(SWITCH(CI27,"sq",CM$7,"bn",CN$7,"dl",CO$7,"")*IF(CN27>10, CN27/100, VLOOKUP(CN27, _rpe,SUBSTITUTE(CM27,"+","")+1,0)), IF( SWITCH(CI27,"sq",CM$7,"bn",CN$7,"dl", CO$7,"")< IF(_uom="lbs", 175, 80), 1.25, IF(_uom="lbs",5,2.5))))), "")} | CS27: =IFERROR(__xludf.DUMMYFUNCTION("IF(CO27=MAX(FILTER(CO$10:CO$199,LOOKUP(ROW(CI$10:CI$199),FILTER(ROW(CI$10:CI$199),CI$10:CI$199<>CI$9:CI$198))=LOOKUP(ROW(CI27),FILTER(ROW(CI$10:CI$199),CI$10:CI$199<>CI$9:CI$198)))),CP27,)"),"") | CV27: =IF(ISBLANK(CH27),"",CH27) | CW27: =IFERROR(__xludf.DUMMYFUNCTION("""COMPUTED_VALUE"""),"") | CX27: 46160 | CY27: =IF(ISBLANK(CK27),"",CK27) | CZ27: =IF(ISBLANK(CL27),"",CL27) | DA27: =IF( OR(ISBLANK(CM27),CM27=""),"", CM27) | DB27: =IF(ISBLANK(CN27),"",CN27) | DC27: {=IFERROR(IF(CW27="ac"+ISNUMBER(SEARCH("'",DB27))+DA27="","", IF(ISNUMBER(SEARCH("lw",DB27)), CO27 + SUBSTITUTE(DB27,"lw+",""), MROUND(SWITCH(CW27,"sq",DA$7,"bn",DB$7,"dl",DC$7,"")*IF(DB27>10, DB27/100, VLOOKUP(DB27, _rpe,SUBSTITUTE(DA27,"+","")+1,0)), IF( SWITCH(CW27,"sq",DA$7,"bn",DB$7,"dl", DC$7,"")< IF(_uom="lbs", 175, 80), 1.25, IF(_uom="lbs",5,2.5))))), "")} | DG27: =IFERROR(__xludf.DUMMYFUNCTION("IF(DC27=MAX(FILTER(DC$10:DC$199,LOOKUP(ROW(CW$10:CW$199),FILTER(ROW(CW$10:CW$199),CW$10:CW$199<>CW$9:CW$198))=LOOKUP(ROW(CW27),FILTER(ROW(CW$10:CW$199),CW$10:CW$199<>CW$9:CW$198)))),DD27,)"),"") | DJ27: =IF(ISBLANK(CV27),"",CV27) | DK27: =IFERROR(__xludf.DUMMYFUNCTION("""COMPUTED_VALUE"""),"") | DL27: 46167 | DM27: =IF(ISBLANK(CY27),"",CY27) | DN27: =IF(ISBLANK(CZ27),"",CZ27) | DO27: =IF( OR(ISBLANK(DA27),DA27=""),"", DA27) | DP27: =IF(ISBLANK(DB27),"",DB27) | DQ27: {=IFERROR(IF(DK27="ac"+ISNUMBER(SEARCH("'",DP27))+DO27="","", IF(ISNUMBER(SEARCH("lw",DP27)), DC27 + SUBSTITUTE(DP27,"lw+",""), MROUND(SWITCH(DK27,"sq",DO$7,"bn",DP$7,"dl",DQ$7,"")*IF(DP27>10, DP27/100, VLOOKUP(DP27, _rpe,SUBSTITUTE(DO27,"+","")+1,0)), IF( SWITCH(DK27,"sq",DO$7,"bn",DP$7,"dl", DQ$7,"")< IF(_uom="lbs", 175, 80), 1.25, IF(_uom="lbs",5,2.5))))), "")} | DU27: =IFERROR(__xludf.DUMMYFUNCTION("IF(DQ27=MAX(FILTER(DQ$10:DQ$199,LOOKUP(ROW(DK$10:DK$199),FILTER(ROW(DK$10:DK$199),DK$10:DK$199<>DK$9:DK$198))=LOOKUP(ROW(DK27),FILTER(ROW(DK$10:DK$199),DK$10:DK$199<>DK$9:DK$198)))),DR27,)"),"") | IW27: =IF(ISBLANK(#REF!),"",#REF!) -> #REF! | IY27: #REF!
C28: =IFERROR(__xludf.DUMMYFUNCTION("""COMPUTED_VALUE"""),"") | D28: 46111 | I28: {=IFERROR(IF(C28="ac"+ISNUMBER(SEARCH("'",H28))+G28="","", MROUND(SWITCH(C28,"sq",'Personal Info'!$O$15,"bn",'Personal Info'!$S$15,"dl",'Personal Info'!$W$15,"")*IF(H28>10, H28/100, VLOOKUP(H28, _rpe,SUBSTITUTE(G28,"+","")+1,0)), IF( SWITCH(C28:C210,"sq",'Personal Info'!$O$15,"bn",'Personal Info'!$S$15,"dl", 'Personal Info'!$W$15,"")< IF(_uom="lbs", 175, 80), 1.25, IF(_uom="lbs",5,2.5)))),"")} | M28: =IFERROR(__xludf.DUMMYFUNCTION("IF(I28=MAX(FILTER(I$10:I$199,LOOKUP(ROW(C$10:C$199),FILTER(ROW(C$10:C$199),C$10:C$199<>C$9:C$198))=LOOKUP(ROW(C28),FILTER(ROW(C$10:C$199),C$10:C$199<>C$9:C$198)))),J28,)"),"") | P28: =IF(ISBLANK(B28),"",B28) | Q28: =IFERROR(__xludf.DUMMYFUNCTION("""COMPUTED_VALUE"""),"") | R28: 46118 | S28: =IF(ISBLANK(E28),"",E28) | T28: =IF(ISBLANK(F28),"",F28) | U28: =IF( OR(ISBLANK(G28),G28=""),"", G28) | V28: =IF(ISBLANK(H28),"",H28) | W28: {=IFERROR(IF(Q28="ac"+ISNUMBER(SEARCH("'",V28))+U28="","", IF(ISNUMBER(SEARCH("lw",V28)), I28 + SUBSTITUTE(V28,"lw+",""), MROUND(SWITCH(Q28,"sq",U$7,"bn",V$7,"dl",W$7,"")*IF(V28>10, V28/100, VLOOKUP(V28, _rpe,SUBSTITUTE(U28,"+","")+1,0)), IF( SWITCH(Q28,"sq",U$7,"bn",V$7,"dl", W$7,"")< IF(_uom="lbs", 175, 80), 1.25, IF(_uom="lbs",5,2.5))))), "")} | AA28: =IFERROR(__xludf.DUMMYFUNCTION("IF(W28=MAX(FILTER(W$10:W$199,LOOKUP(ROW(Q$10:Q$199),FILTER(ROW(Q$10:Q$199),Q$10:Q$199<>Q$9:Q$198))=LOOKUP(ROW(Q28),FILTER(ROW(Q$10:Q$199),Q$10:Q$199<>Q$9:Q$198)))),X28,)"),"") | AD28: =IF(ISBLANK(P28),"",P28) | AE28: =IFERROR(__xludf.DUMMYFUNCTION("""COMPUTED_VALUE"""),"") | AF28: 46125 | AG28: =IF(ISBLANK(S28),"",S28) | AH28: =IF(ISBLANK(T28),"",T28) | AI28: =IF( OR(ISBLANK(U28),U28=""),"", U28) | AJ28: =IF(ISBLANK(V28),"",V28) | AK28: {=IFERROR(IF(AE28="ac"+ISNUMBER(SEARCH("'",AJ28))+AI28="","", IF(ISNUMBER(SEARCH("lw",AJ28)), W28 + SUBSTITUTE(AJ28,"lw+",""), MROUND(SWITCH(AE28,"sq",AI$7,"bn",AJ$7,"dl",AK$7,"")*IF(AJ28>10, AJ28/100, VLOOKUP(AJ28, _rpe,SUBSTITUTE(AI28,"+","")+1,0)), IF( SWITCH(AE28,"sq",AI$7,"bn",AJ$7,"dl", AK$7,"")< IF(_uom="lbs", 175, 80), 1.25, IF(_uom="lbs",5,2.5))))), "")} | AO28: =IFERROR(__xludf.DUMMYFUNCTION("IF(AK28=MAX(FILTER(AK$10:AK$199,LOOKUP(ROW(AE$10:AE$199),FILTER(ROW(AE$10:AE$199),AE$10:AE$199<>AE$9:AE$198))=LOOKUP(ROW(AE28),FILTER(ROW(AE$10:AE$199),AE$10:AE$199<>AE$9:AE$198)))),AL28,)"),"") | AR28: =IF(ISBLANK(AD28),"",AD28) | AS28: =IFERROR(__xludf.DUMMYFUNCTION("""COMPUTED_VALUE"""),"") | AT28: 46132 | AU28: =IF(ISBLANK(AG28),"",AG28) | AV28: =IF(ISBLANK(AH28),"",AH28) | AW28: =IF( OR(ISBLANK(AI28),AI28=""),"", AI28) | AX28: =IF(ISBLANK(AJ28),"",AJ28) | AY28: {=IFERROR(IF(AS28="ac"+ISNUMBER(SEARCH("'",AX28))+AW28="","", IF(ISNUMBER(SEARCH("lw",AX28)), AK28 + SUBSTITUTE(AX28,"lw+",""), MROUND(SWITCH(AS28,"sq",AW$7,"bn",AX$7,"dl",AY$7,"")*IF(AX28>10, AX28/100, VLOOKUP(AX28, _rpe,SUBSTITUTE(AW28,"+","")+1,0)), IF( SWITCH(AS28,"sq",AW$7,"bn",AX$7,"dl", AY$7,"")< IF(_uom="lbs", 175, 80), 1.25, IF(_uom="lbs",5,2.5))))), "")} | BC28: =IFERROR(__xludf.DUMMYFUNCTION("IF(AY28=MAX(FILTER(AY$10:AY$199,LOOKUP(ROW(AS$10:AS$199),FILTER(ROW(AS$10:AS$199),AS$10:AS$199<>AS$9:AS$198))=LOOKUP(ROW(AS28),FILTER(ROW(AS$10:AS$199),AS$10:AS$199<>AS$9:AS$198)))),AZ28,)"),"") | BF28: =IF(ISBLANK(AR28),"",AR28) | BG28: =IFERROR(__xludf.DUMMYFUNCTION("""COMPUTED_VALUE"""),"") | BH28: 46139 | BI28: =IF(ISBLANK(AU28),"",AU28) | BJ28: =IF(ISBLANK(AV28),"",AV28) | BK28: =IF( OR(ISBLANK(AW28),AW28=""),"", AW28) | BL28: =IF(ISBLANK(AX28),"",AX28) | BM28: {=IFERROR(IF(BG28="ac"+ISNUMBER(SEARCH("'",BL28))+BK28="","", IF(ISNUMBER(SEARCH("lw",BL28)), AY28 + SUBSTITUTE(BL28,"lw+",""), MROUND(SWITCH(BG28,"sq",BK$7,"bn",BL$7,"dl",BM$7,"")*IF(BL28>10, BL28/100, VLOOKUP(BL28, _rpe,SUBSTITUTE(BK28,"+","")+1,0)), IF( SWITCH(BG28,"sq",BK$7,"bn",BL$7,"dl", BM$7,"")< IF(_uom="lbs", 175, 80), 1.25, IF(_uom="lbs",5,2.5))))), "")} | BQ28: =IFERROR(__xludf.DUMMYFUNCTION("IF(BM28=MAX(FILTER(BM$10:BM$199,LOOKUP(ROW(BG$10:BG$199),FILTER(ROW(BG$10:BG$199),BG$10:BG$199<>BG$9:BG$198))=LOOKUP(ROW(BG28),FILTER(ROW(BG$10:BG$199),BG$10:BG$199<>BG$9:BG$198)))),BN28,)"),"") | BT28: =IF(ISBLANK(BF28),"",BF28) | BU28: =IFERROR(__xludf.DUMMYFUNCTION("""COMPUTED_VALUE"""),"") | BV28: 46146 | BW28: =IF(ISBLANK(BI28),"",BI28) | BX28: =IF(ISBLANK(BJ28),"",BJ28) | BY28: =IF( OR(ISBLANK(BK28),BK28=""),"", BK28) | BZ28: =IF(ISBLANK(BL28),"",BL28) | CA28: {=IFERROR(IF(BU28="ac"+ISNUMBER(SEARCH("'",BZ28))+BY28="","", IF(ISNUMBER(SEARCH("lw",BZ28)), BM28 + SUBSTITUTE(BZ28,"lw+",""), MROUND(SWITCH(BU28,"sq",BY$7,"bn",BZ$7,"dl",CA$7,"")*IF(BZ28>10, BZ28/100, VLOOKUP(BZ28, _rpe,SUBSTITUTE(BY28,"+","")+1,0)), IF( SWITCH(BU28,"sq",BY$7,"bn",BZ$7,"dl", CA$7,"")< IF(_uom="lbs", 175, 80), 1.25, IF(_uom="lbs",5,2.5))))), "")} | CE28: =IFERROR(__xludf.DUMMYFUNCTION("IF(CA28=MAX(FILTER(CA$10:CA$199,LOOKUP(ROW(BU$10:BU$199),FILTER(ROW(BU$10:BU$199),BU$10:BU$199<>BU$9:BU$198))=LOOKUP(ROW(BU28),FILTER(ROW(BU$10:BU$199),BU$10:BU$199<>BU$9:BU$198)))),CB28,)"),"") | CH28: =IF(ISBLANK(BT28),"",BT28) | CI28: =IFERROR(__xludf.DUMMYFUNCTION("""COMPUTED_VALUE"""),"") | CJ28: 46153 | CK28: =IF(ISBLANK(BW28),"",BW28) | CL28: =IF(ISBLANK(BX28),"",BX28) | CM28: =IF( OR(ISBLANK(BY28),BY28=""),"", BY28) | CN28: =IF(ISBLANK(BZ28),"",BZ28) | CO28: {=IFERROR(IF(CI28="ac"+ISNUMBER(SEARCH("'",CN28))+CM28="","", IF(ISNUMBER(SEARCH("lw",CN28)), CA28 + SUBSTITUTE(CN28,"lw+",""), MROUND(SWITCH(CI28,"sq",CM$7,"bn",CN$7,"dl",CO$7,"")*IF(CN28>10, CN28/100, VLOOKUP(CN28, _rpe,SUBSTITUTE(CM28,"+","")+1,0)), IF( SWITCH(CI28,"sq",CM$7,"bn",CN$7,"dl", CO$7,"")< IF(_uom="lbs", 175, 80), 1.25, IF(_uom="lbs",5,2.5))))), "")} | CS28: =IFERROR(__xludf.DUMMYFUNCTION("IF(CO28=MAX(FILTER(CO$10:CO$199,LOOKUP(ROW(CI$10:CI$199),FILTER(ROW(CI$10:CI$199),CI$10:CI$199<>CI$9:CI$198))=LOOKUP(ROW(CI28),FILTER(ROW(CI$10:CI$199),CI$10:CI$199<>CI$9:CI$198)))),CP28,)"),"") | CV28: =IF(ISBLANK(CH28),"",CH28) | CW28: =IFERROR(__xludf.DUMMYFUNCTION("""COMPUTED_VALUE"""),"") | CX28: 46160 | CY28: =IF(ISBLANK(CK28),"",CK28) | CZ28: =IF(ISBLANK(CL28),"",CL28) | DA28: =IF( OR(ISBLANK(CM28),CM28=""),"", CM28) | DB28: =IF(ISBLANK(CN28),"",CN28) | DC28: {=IFERROR(IF(CW28="ac"+ISNUMBER(SEARCH("'",DB28))+DA28="","", IF(ISNUMBER(SEARCH("lw",DB28)), CO28 + SUBSTITUTE(DB28,"lw+",""), MROUND(SWITCH(CW28,"sq",DA$7,"bn",DB$7,"dl",DC$7,"")*IF(DB28>10, DB28/100, VLOOKUP(DB28, _rpe,SUBSTITUTE(DA28,"+","")+1,0)), IF( SWITCH(CW28,"sq",DA$7,"bn",DB$7,"dl", DC$7,"")< IF(_uom="lbs", 175, 80), 1.25, IF(_uom="lbs",5,2.5))))), "")} | DG28: =IFERROR(__xludf.DUMMYFUNCTION("IF(DC28=MAX(FILTER(DC$10:DC$199,LOOKUP(ROW(CW$10:CW$199),FILTER(ROW(CW$10:CW$199),CW$10:CW$199<>CW$9:CW$198))=LOOKUP(ROW(CW28),FILTER(ROW(CW$10:CW$199),CW$10:CW$199<>CW$9:CW$198)))),DD28,)"),"") | DJ28: =IF(ISBLANK(CV28),"",CV28) | DK28: =IFERROR(__xludf.DUMMYFUNCTION("""COMPUTED_VALUE"""),"") | DL28: 46167 | DM28: =IF(ISBLANK(CY28),"",CY28) | DN28: =IF(ISBLANK(CZ28),"",CZ28) | DO28: =IF( OR(ISBLANK(DA28),DA28=""),"", DA28) | DP28: =IF(ISBLANK(DB28),"",DB28) | DQ28: {=IFERROR(IF(DK28="ac"+ISNUMBER(SEARCH("'",DP28))+DO28="","", IF(ISNUMBER(SEARCH("lw",DP28)), DC28 + SUBSTITUTE(DP28,"lw+",""), MROUND(SWITCH(DK28,"sq",DO$7,"bn",DP$7,"dl",DQ$7,"")*IF(DP28>10, DP28/100, VLOOKUP(DP28, _rpe,SUBSTITUTE(DO28,"+","")+1,0)), IF( SWITCH(DK28,"sq",DO$7,"bn",DP$7,"dl", DQ$7,"")< IF(_uom="lbs", 175, 80), 1.25, IF(_uom="lbs",5,2.5))))), "")} | DU28: =IFERROR(__xludf.DUMMYFUNCTION("IF(DQ28=MAX(FILTER(DQ$10:DQ$199,LOOKUP(ROW(DK$10:DK$199),FILTER(ROW(DK$10:DK$199),DK$10:DK$199<>DK$9:DK$198))=LOOKUP(ROW(DK28),FILTER(ROW(DK$10:DK$199),DK$10:DK$199<>DK$9:DK$198)))),DR28,)"),"") | IW28: =IF(ISBLANK(#REF!),"",#REF!) -> #REF! | IY28: #REF!
C29: =IFERROR(__xludf.DUMMYFUNCTION("""COMPUTED_VALUE"""),"") | D29: 46111 | I29: {=IFERROR(IF(C29="ac"+ISNUMBER(SEARCH("'",H29))+G29="","", MROUND(SWITCH(C29,"sq",'Personal Info'!$O$15,"bn",'Personal Info'!$S$15,"dl",'Personal Info'!$W$15,"")*IF(H29>10, H29/100, VLOOKUP(H29, _rpe,SUBSTITUTE(G29,"+","")+1,0)), IF( SWITCH(C29:C210,"sq",'Personal Info'!$O$15,"bn",'Personal Info'!$S$15,"dl", 'Personal Info'!$W$15,"")< IF(_uom="lbs", 175, 80), 1.25, IF(_uom="lbs",5,2.5)))),"")} | M29: =IFERROR(__xludf.DUMMYFUNCTION("IF(I29=MAX(FILTER(I$10:I$199,LOOKUP(ROW(C$10:C$199),FILTER(ROW(C$10:C$199),C$10:C$199<>C$9:C$198))=LOOKUP(ROW(C29),FILTER(ROW(C$10:C$199),C$10:C$199<>C$9:C$198)))),J29,)"),"") | P29: =IF(ISBLANK(B29),"",B29) | Q29: =IFERROR(__xludf.DUMMYFUNCTION("""COMPUTED_VALUE"""),"") | R29: 46118 | S29: =IF(ISBLANK(E29),"",E29) | T29: =IF(ISBLANK(F29),"",F29) | U29: =IF( OR(ISBLANK(G29),G29=""),"", G29) | V29: =IF(ISBLANK(H29),"",H29) | W29: {=IFERROR(IF(Q29="ac"+ISNUMBER(SEARCH("'",V29))+U29="","", IF(ISNUMBER(SEARCH("lw",V29)), I29 + SUBSTITUTE(V29,"lw+",""), MROUND(SWITCH(Q29,"sq",U$7,"bn",V$7,"dl",W$7,"")*IF(V29>10, V29/100, VLOOKUP(V29, _rpe,SUBSTITUTE(U29,"+","")+1,0)), IF( SWITCH(Q29,"sq",U$7,"bn",V$7,"dl", W$7,"")< IF(_uom="lbs", 175, 80), 1.25, IF(_uom="lbs",5,2.5))))), "")} | AA29: =IFERROR(__xludf.DUMMYFUNCTION("IF(W29=MAX(FILTER(W$10:W$199,LOOKUP(ROW(Q$10:Q$199),FILTER(ROW(Q$10:Q$199),Q$10:Q$199<>Q$9:Q$198))=LOOKUP(ROW(Q29),FILTER(ROW(Q$10:Q$199),Q$10:Q$199<>Q$9:Q$198)))),X29,)"),"") | AD29: =IF(ISBLANK(P29),"",P29) | AE29: =IFERROR(__xludf.DUMMYFUNCTION("""COMPUTED_VALUE"""),"") | AF29: 46125 | AG29: =IF(ISBLANK(S29),"",S29) | AH29: =IF(ISBLANK(T29),"",T29) | AI29: =IF( OR(ISBLANK(U29),U29=""),"", U29) | AJ29: =IF(ISBLANK(V29),"",V29) | AK29: {=IFERROR(IF(AE29="ac"+ISNUMBER(SEARCH("'",AJ29))+AI29="","", IF(ISNUMBER(SEARCH("lw",AJ29)), W29 + SUBSTITUTE(AJ29,"lw+",""), MROUND(SWITCH(AE29,"sq",AI$7,"bn",AJ$7,"dl",AK$7,"")*IF(AJ29>10, AJ29/100, VLOOKUP(AJ29, _rpe,SUBSTITUTE(AI29,"+","")+1,0)), IF( SWITCH(AE29,"sq",AI$7,"bn",AJ$7,"dl", AK$7,"")< IF(_uom="lbs", 175, 80), 1.25, IF(_uom="lbs",5,2.5))))), "")} | AO29: =IFERROR(__xludf.DUMMYFUNCTION("IF(AK29=MAX(FILTER(AK$10:AK$199,LOOKUP(ROW(AE$10:AE$199),FILTER(ROW(AE$10:AE$199),AE$10:AE$199<>AE$9:AE$198))=LOOKUP(ROW(AE29),FILTER(ROW(AE$10:AE$199),AE$10:AE$199<>AE$9:AE$198)))),AL29,)"),"") | AR29: =IF(ISBLANK(AD29),"",AD29) | AS29: =IFERROR(__xludf.DUMMYFUNCTION("""COMPUTED_VALUE"""),"") | AT29: 46132 | AU29: =IF(ISBLANK(AG29),"",AG29) | AV29: =IF(ISBLANK(AH29),"",AH29) | AW29: =IF( OR(ISBLANK(AI29),AI29=""),"", AI29) | AX29: =IF(ISBLANK(AJ29),"",AJ29) | AY29: {=IFERROR(IF(AS29="ac"+ISNUMBER(SEARCH("'",AX29))+AW29="","", IF(ISNUMBER(SEARCH("lw",AX29)), AK29 + SUBSTITUTE(AX29,"lw+",""), MROUND(SWITCH(AS29,"sq",AW$7,"bn",AX$7,"dl",AY$7,"")*IF(AX29>10, AX29/100, VLOOKUP(AX29, _rpe,SUBSTITUTE(AW29,"+","")+1,0)), IF( SWITCH(AS29,"sq",AW$7,"bn",AX$7,"dl", AY$7,"")< IF(_uom="lbs", 175, 80), 1.25, IF(_uom="lbs",5,2.5))))), "")} | BC29: =IFERROR(__xludf.DUMMYFUNCTION("IF(AY29=MAX(FILTER(AY$10:AY$199,LOOKUP(ROW(AS$10:AS$199),FILTER(ROW(AS$10:AS$199),AS$10:AS$199<>AS$9:AS$198))=LOOKUP(ROW(AS29),FILTER(ROW(AS$10:AS$199),AS$10:AS$199<>AS$9:AS$198)))),AZ29,)"),"") | BF29: =IF(ISBLANK(AR29),"",AR29) | BG29: =IFERROR(__xludf.DUMMYFUNCTION("""COMPUTED_VALUE"""),"") | BH29: 46139 | BI29: =IF(ISBLANK(AU29),"",AU29) | BJ29: =IF(ISBLANK(AV29),"",AV29) | BK29: =IF( OR(ISBLANK(AW29),AW29=""),"", AW29) | BL29: =IF(ISBLANK(AX29),"",AX29) | BM29: {=IFERROR(IF(BG29="ac"+ISNUMBER(SEARCH("'",BL29))+BK29="","", IF(ISNUMBER(SEARCH("lw",BL29)), AY29 + SUBSTITUTE(BL29,"lw+",""), MROUND(SWITCH(BG29,"sq",BK$7,"bn",BL$7,"dl",BM$7,"")*IF(BL29>10, BL29/100, VLOOKUP(BL29, _rpe,SUBSTITUTE(BK29,"+","")+1,0)), IF( SWITCH(BG29,"sq",BK$7,"bn",BL$7,"dl", BM$7,"")< IF(_uom="lbs", 175, 80), 1.25, IF(_uom="lbs",5,2.5))))), "")} | BQ29: =IFERROR(__xludf.DUMMYFUNCTION("IF(BM29=MAX(FILTER(BM$10:BM$199,LOOKUP(ROW(BG$10:BG$199),FILTER(ROW(BG$10:BG$199),BG$10:BG$199<>BG$9:BG$198))=LOOKUP(ROW(BG29),FILTER(ROW(BG$10:BG$199),BG$10:BG$199<>BG$9:BG$198)))),BN29,)"),"") | BT29: =IF(ISBLANK(BF29),"",BF29) | BU29: =IFERROR(__xludf.DUMMYFUNCTION("""COMPUTED_VALUE"""),"") | BV29: 46146 | BW29: =IF(ISBLANK(BI29),"",BI29) | BX29: =IF(ISBLANK(BJ29),"",BJ29) | BY29: =IF( OR(ISBLANK(BK29),BK29=""),"", BK29) | BZ29: =IF(ISBLANK(BL29),"",BL29) | CA29: {=IFERROR(IF(BU29="ac"+ISNUMBER(SEARCH("'",BZ29))+BY29="","", IF(ISNUMBER(SEARCH("lw",BZ29)), BM29 + SUBSTITUTE(BZ29,"lw+",""), MROUND(SWITCH(BU29,"sq",BY$7,"bn",BZ$7,"dl",CA$7,"")*IF(BZ29>10, BZ29/100, VLOOKUP(BZ29, _rpe,SUBSTITUTE(BY29,"+","")+1,0)), IF( SWITCH(BU29,"sq",BY$7,"bn",BZ$7,"dl", CA$7,"")< IF(_uom="lbs", 175, 80), 1.25, IF(_uom="lbs",5,2.5))))), "")} | CE29: =IFERROR(__xludf.DUMMYFUNCTION("IF(CA29=MAX(FILTER(CA$10:CA$199,LOOKUP(ROW(BU$10:BU$199),FILTER(ROW(BU$10:BU$199),BU$10:BU$199<>BU$9:BU$198))=LOOKUP(ROW(BU29),FILTER(ROW(BU$10:BU$199),BU$10:BU$199<>BU$9:BU$198)))),CB29,)"),"") | CH29: =IF(ISBLANK(BT29),"",BT29) | CI29: =IFERROR(__xludf.DUMMYFUNCTION("""COMPUTED_VALUE"""),"") | CJ29: 46153 | CK29: =IF(ISBLANK(BW29),"",BW29) | CL29: =IF(ISBLANK(BX29),"",BX29) | CM29: =IF( OR(ISBLANK(BY29),BY29=""),"", BY29) | CN29: =IF(ISBLANK(BZ29),"",BZ29) | CO29: {=IFERROR(IF(CI29="ac"+ISNUMBER(SEARCH("'",CN29))+CM29="","", IF(ISNUMBER(SEARCH("lw",CN29)), CA29 + SUBSTITUTE(CN29,"lw+",""), MROUND(SWITCH(CI29,"sq",CM$7,"bn",CN$7,"dl",CO$7,"")*IF(CN29>10, CN29/100, VLOOKUP(CN29, _rpe,SUBSTITUTE(CM29,"+","")+1,0)), IF( SWITCH(CI29,"sq",CM$7,"bn",CN$7,"dl", CO$7,"")< IF(_uom="lbs", 175, 80), 1.25, IF(_uom="lbs",5,2.5))))), "")} | CS29: =IFERROR(__xludf.DUMMYFUNCTION("IF(CO29=MAX(FILTER(CO$10:CO$199,LOOKUP(ROW(CI$10:CI$199),FILTER(ROW(CI$10:CI$199),CI$10:CI$199<>CI$9:CI$198))=LOOKUP(ROW(CI29),FILTER(ROW(CI$10:CI$199),CI$10:CI$199<>CI$9:CI$198)))),CP29,)"),"") | CV29: =IF(ISBLANK(CH29),"",CH29) | CW29: =IFERROR(__xludf.DUMMYFUNCTION("""COMPUTED_VALUE"""),"") | CX29: 46160 | CY29: =IF(ISBLANK(CK29),"",CK29) | CZ29: =IF(ISBLANK(CL29),"",CL29) | DA29: =IF( OR(ISBLANK(CM29),CM29=""),"", CM29) | DB29: =IF(ISBLANK(CN29),"",CN29) | DC29: {=IFERROR(IF(CW29="ac"+ISNUMBER(SEARCH("'",DB29))+DA29="","", IF(ISNUMBER(SEARCH("lw",DB29)), CO29 + SUBSTITUTE(DB29,"lw+",""), MROUND(SWITCH(CW29,"sq",DA$7,"bn",DB$7,"dl",DC$7,"")*IF(DB29>10, DB29/100, VLOOKUP(DB29, _rpe,SUBSTITUTE(DA29,"+","")+1,0)), IF( SWITCH(CW29,"sq",DA$7,"bn",DB$7,"dl", DC$7,"")< IF(_uom="lbs", 175, 80), 1.25, IF(_uom="lbs",5,2.5))))), "")} | DG29: =IFERROR(__xludf.DUMMYFUNCTION("IF(DC29=MAX(FILTER(DC$10:DC$199,LOOKUP(ROW(CW$10:CW$199),FILTER(ROW(CW$10:CW$199),CW$10:CW$199<>CW$9:CW$198))=LOOKUP(ROW(CW29),FILTER(ROW(CW$10:CW$199),CW$10:CW$199<>CW$9:CW$198)))),DD29,)"),"") | DJ29: =IF(ISBLANK(CV29),"",CV29) | DK29: =IFERROR(__xludf.DUMMYFUNCTION("""COMPUTED_VALUE"""),"") | DL29: 46167 | DM29: =IF(ISBLANK(CY29),"",CY29) | DN29: =IF(ISBLANK(CZ29),"",CZ29) | DO29: =IF( OR(ISBLANK(DA29),DA29=""),"", DA29) | DP29: =IF(ISBLANK(DB29),"",DB29) | DQ29: {=IFERROR(IF(DK29="ac"+ISNUMBER(SEARCH("'",DP29))+DO29="","", IF(ISNUMBER(SEARCH("lw",DP29)), DC29 + SUBSTITUTE(DP29,"lw+",""), MROUND(SWITCH(DK29,"sq",DO$7,"bn",DP$7,"dl",DQ$7,"")*IF(DP29>10, DP29/100, VLOOKUP(DP29, _rpe,SUBSTITUTE(DO29,"+","")+1,0)), IF( SWITCH(DK29,"sq",DO$7,"bn",DP$7,"dl", DQ$7,"")< IF(_uom="lbs", 175, 80), 1.25, IF(_uom="lbs",5,2.5))))), "")} | DU29: =IFERROR(__xludf.DUMMYFUNCTION("IF(DQ29=MAX(FILTER(DQ$10:DQ$199,LOOKUP(ROW(DK$10:DK$199),FILTER(ROW(DK$10:DK$199),DK$10:DK$199<>DK$9:DK$198))=LOOKUP(ROW(DK29),FILTER(ROW(DK$10:DK$199),DK$10:DK$199<>DK$9:DK$198)))),DR29,)"),"") | IW29: =IF(ISBLANK(#REF!),"",#REF!) -> #REF! | IY29: #REF!
C30: =IFERROR(__xludf.DUMMYFUNCTION("""COMPUTED_VALUE"""),"") | D30: 46111 | I30: {=IFERROR(IF(C30="ac"+ISNUMBER(SEARCH("'",H30))+G30="","", MROUND(SWITCH(C30,"sq",'Personal Info'!$O$15,"bn",'Personal Info'!$S$15,"dl",'Personal Info'!$W$15,"")*IF(H30>10, H30/100, VLOOKUP(H30, _rpe,SUBSTITUTE(G30,"+","")+1,0)), IF( SWITCH(C30:C210,"sq",'Personal Info'!$O$15,"bn",'Personal Info'!$S$15,"dl", 'Personal Info'!$W$15,"")< IF(_uom="lbs", 175, 80), 1.25, IF(_uom="lbs",5,2.5)))),"")} | M30: =IFERROR(__xludf.DUMMYFUNCTION("IF(I30=MAX(FILTER(I$10:I$199,LOOKUP(ROW(C$10:C$199),FILTER(ROW(C$10:C$199),C$10:C$199<>C$9:C$198))=LOOKUP(ROW(C30),FILTER(ROW(C$10:C$199),C$10:C$199<>C$9:C$198)))),J30,)"),"") | P30: =IF(ISBLANK(B30),"",B30) | Q30: =IFERROR(__xludf.DUMMYFUNCTION("""COMPUTED_VALUE"""),"") | R30: 46118 | S30: =IF(ISBLANK(E30),"",E30) | T30: =IF(ISBLANK(F30),"",F30) | U30: =IF( OR(ISBLANK(G30),G30=""),"", G30) | V30: =IF(ISBLANK(H30),"",H30) | W30: {=IFERROR(IF(Q30="ac"+ISNUMBER(SEARCH("'",V30))+U30="","", IF(ISNUMBER(SEARCH("lw",V30)), I30 + SUBSTITUTE(V30,"lw+",""), MROUND(SWITCH(Q30,"sq",U$7,"bn",V$7,"dl",W$7,"")*IF(V30>10, V30/100, VLOOKUP(V30, _rpe,SUBSTITUTE(U30,"+","")+1,0)), IF( SWITCH(Q30,"sq",U$7,"bn",V$7,"dl", W$7,"")< IF(_uom="lbs", 175, 80), 1.25, IF(_uom="lbs",5,2.5))))), "")} | AA30: =IFERROR(__xludf.DUMMYFUNCTION("IF(W30=MAX(FILTER(W$10:W$199,LOOKUP(ROW(Q$10:Q$199),FILTER(ROW(Q$10:Q$199),Q$10:Q$199<>Q$9:Q$198))=LOOKUP(ROW(Q30),FILTER(ROW(Q$10:Q$199),Q$10:Q$199<>Q$9:Q$198)))),X30,)"),"") | AD30: =IF(ISBLANK(P30),"",P30) | AE30: =IFERROR(__xludf.DUMMYFUNCTION("""COMPUTED_VALUE"""),"") | AF30: 46125 | AG30: =IF(ISBLANK(S30),"",S30) | AH30: =IF(ISBLANK(T30),"",T30) | AI30: =IF( OR(ISBLANK(U30),U30=""),"", U30) | AJ30: =IF(ISBLANK(V30),"",V30) | AK30: {=IFERROR(IF(AE30="ac"+ISNUMBER(SEARCH("'",AJ30))+AI30="","", IF(ISNUMBER(SEARCH("lw",AJ30)), W30 + SUBSTITUTE(AJ30,"lw+",""), MROUND(SWITCH(AE30,"sq",AI$7,"bn",AJ$7,"dl",AK$7,"")*IF(AJ30>10, AJ30/100, VLOOKUP(AJ30, _rpe,SUBSTITUTE(AI30,"+","")+1,0)), IF( SWITCH(AE30,"sq",AI$7,"bn",AJ$7,"dl", AK$7,"")< IF(_uom="lbs", 175, 80), 1.25, IF(_uom="lbs",5,2.5))))), "")} | AO30: =IFERROR(__xludf.DUMMYFUNCTION("IF(AK30=MAX(FILTER(AK$10:AK$199,LOOKUP(ROW(AE$10:AE$199),FILTER(ROW(AE$10:AE$199),AE$10:AE$199<>AE$9:AE$198))=LOOKUP(ROW(AE30),FILTER(ROW(AE$10:AE$199),AE$10:AE$199<>AE$9:AE$198)))),AL30,)"),"") | AR30: =IF(ISBLANK(AD30),"",AD30) | AS30: =IFERROR(__xludf.DUMMYFUNCTION("""COMPUTED_VALUE"""),"") | AT30: 46132 | AU30: =IF(ISBLANK(AG30),"",AG30) | AV30: =IF(ISBLANK(AH30),"",AH30) | AW30: =IF( OR(ISBLANK(AI30),AI30=""),"", AI30) | AX30: =IF(ISBLANK(AJ30),"",AJ30) | AY30: {=IFERROR(IF(AS30="ac"+ISNUMBER(SEARCH("'",AX30))+AW30="","", IF(ISNUMBER(SEARCH("lw",AX30)), AK30 + SUBSTITUTE(AX30,"lw+",""), MROUND(SWITCH(AS30,"sq",AW$7,"bn",AX$7,"dl",AY$7,"")*IF(AX30>10, AX30/100, VLOOKUP(AX30, _rpe,SUBSTITUTE(AW30,"+","")+1,0)), IF( SWITCH(AS30,"sq",AW$7,"bn",AX$7,"dl", AY$7,"")< IF(_uom="lbs", 175, 80), 1.25, IF(_uom="lbs",5,2.5))))), "")} | BC30: =IFERROR(__xludf.DUMMYFUNCTION("IF(AY30=MAX(FILTER(AY$10:AY$199,LOOKUP(ROW(AS$10:AS$199),FILTER(ROW(AS$10:AS$199),AS$10:AS$199<>AS$9:AS$198))=LOOKUP(ROW(AS30),FILTER(ROW(AS$10:AS$199),AS$10:AS$199<>AS$9:AS$198)))),AZ30,)"),"") | BF30: =IF(ISBLANK(AR30),"",AR30) | BG30: =IFERROR(__xludf.DUMMYFUNCTION("""COMPUTED_VALUE"""),"") | BH30: 46139 | BI30: =IF(ISBLANK(AU30),"",AU30) | BJ30: =IF(ISBLANK(AV30),"",AV30) | BK30: =IF( OR(ISBLANK(AW30),AW30=""),"", AW30) | BL30: =IF(ISBLANK(AX30),"",AX30) | BM30: {=IFERROR(IF(BG30="ac"+ISNUMBER(SEARCH("'",BL30))+BK30="","", IF(ISNUMBER(SEARCH("lw",BL30)), AY30 + SUBSTITUTE(BL30,"lw+",""), MROUND(SWITCH(BG30,"sq",BK$7,"bn",BL$7,"dl",BM$7,"")*IF(BL30>10, BL30/100, VLOOKUP(BL30, _rpe,SUBSTITUTE(BK30,"+","")+1,0)), IF( SWITCH(BG30,"sq",BK$7,"bn",BL$7,"dl", BM$7,"")< IF(_uom="lbs", 175, 80), 1.25, IF(_uom="lbs",5,2.5))))), "")} | BQ30: =IFERROR(__xludf.DUMMYFUNCTION("IF(BM30=MAX(FILTER(BM$10:BM$199,LOOKUP(ROW(BG$10:BG$199),FILTER(ROW(BG$10:BG$199),BG$10:BG$199<>BG$9:BG$198))=LOOKUP(ROW(BG30),FILTER(ROW(BG$10:BG$199),BG$10:BG$199<>BG$9:BG$198)))),BN30,)"),"") | BT30: =IF(ISBLANK(BF30),"",BF30) | BU30: =IFERROR(__xludf.DUMMYFUNCTION("""COMPUTED_VALUE"""),"") | BV30: 46146 | BW30: =IF(ISBLANK(BI30),"",BI30) | BX30: =IF(ISBLANK(BJ30),"",BJ30) | BY30: =IF( OR(ISBLANK(BK30),BK30=""),"", BK30) | BZ30: =IF(ISBLANK(BL30),"",BL30) | CA30: {=IFERROR(IF(BU30="ac"+ISNUMBER(SEARCH("'",BZ30))+BY30="","", IF(ISNUMBER(SEARCH("lw",BZ30)), BM30 + SUBSTITUTE(BZ30,"lw+",""), MROUND(SWITCH(BU30,"sq",BY$7,"bn",BZ$7,"dl",CA$7,"")*IF(BZ30>10, BZ30/100, VLOOKUP(BZ30, _rpe,SUBSTITUTE(BY30,"+","")+1,0)), IF( SWITCH(BU30,"sq",BY$7,"bn",BZ$7,"dl", CA$7,"")< IF(_uom="lbs", 175, 80), 1.25, IF(_uom="lbs",5,2.5))))), "")} | CE30: =IFERROR(__xludf.DUMMYFUNCTION("IF(CA30=MAX(FILTER(CA$10:CA$199,LOOKUP(ROW(BU$10:BU$199),FILTER(ROW(BU$10:BU$199),BU$10:BU$199<>BU$9:BU$198))=LOOKUP(ROW(BU30),FILTER(ROW(BU$10:BU$199),BU$10:BU$199<>BU$9:BU$198)))),CB30,)"),"") | CH30: =IF(ISBLANK(BT30),"",BT30) | CI30: =IFERROR(__xludf.DUMMYFUNCTION("""COMPUTED_VALUE"""),"") | CJ30: 46153 | CK30: =IF(ISBLANK(BW30),"",BW30) | CL30: =IF(ISBLANK(BX30),"",BX30) | CM30: =IF( OR(ISBLANK(BY30),BY30=""),"", BY30) | CN30: =IF(ISBLANK(BZ30),"",BZ30) | CO30: {=IFERROR(IF(CI30="ac"+ISNUMBER(SEARCH("'",CN30))+CM30="","", IF(ISNUMBER(SEARCH("lw",CN30)), CA30 + SUBSTITUTE(CN30,"lw+",""), MROUND(SWITCH(CI30,"sq",CM$7,"bn",CN$7,"dl",CO$7,"")*IF(CN30>10, CN30/100, VLOOKUP(CN30, _rpe,SUBSTITUTE(CM30,"+","")+1,0)), IF( SWITCH(CI30,"sq",CM$7,"bn",CN$7,"dl", CO$7,"")< IF(_uom="lbs", 175, 80), 1.25, IF(_uom="lbs",5,2.5))))), "")} | CS30: =IFERROR(__xludf.DUMMYFUNCTION("IF(CO30=MAX(FILTER(CO$10:CO$199,LOOKUP(ROW(CI$10:CI$199),FILTER(ROW(CI$10:CI$199),CI$10:CI$199<>CI$9:CI$198))=LOOKUP(ROW(CI30),FILTER(ROW(CI$10:CI$199),CI$10:CI$199<>CI$9:CI$198)))),CP30,)"),"") | CV30: =IF(ISBLANK(CH30),"",CH30) | CW30: =IFERROR(__xludf.DUMMYFUNCTION("""COMPUTED_VALUE"""),"") | CX30: 46160 | CY30: =IF(ISBLANK(CK30),"",CK30) | CZ30: =IF(ISBLANK(CL30),"",CL30) | DA30: =IF( OR(ISBLANK(CM30),CM30=""),"", CM30) | DB30: =IF(ISBLANK(CN30),"",CN30) | DC30: {=IFERROR(IF(CW30="ac"+ISNUMBER(SEARCH("'",DB30))+DA30="","", IF(ISNUMBER(SEARCH("lw",DB30)), CO30 + SUBSTITUTE(DB30,"lw+",""), MROUND(SWITCH(CW30,"sq",DA$7,"bn",DB$7,"dl",DC$7,"")*IF(DB30>10, DB30/100, VLOOKUP(DB30, _rpe,SUBSTITUTE(DA30,"+","")+1,0)), IF( SWITCH(CW30,"sq",DA$7,"bn",DB$7,"dl", DC$7,"")< IF(_uom="lbs", 175, 80), 1.25, IF(_uom="lbs",5,2.5))))), "")} | DG30: =IFERROR(__xludf.DUMMYFUNCTION("IF(DC30=MAX(FILTER(DC$10:DC$199,LOOKUP(ROW(CW$10:CW$199),FILTER(ROW(CW$10:CW$199),CW$10:CW$199<>CW$9:CW$198))=LOOKUP(ROW(CW30),FILTER(ROW(CW$10:CW$199),CW$10:CW$199<>CW$9:CW$198)))),DD30,)"),"") | DJ30: =IF(ISBLANK(CV30),"",CV30) | DK30: =IFERROR(__xludf.DUMMYFUNCTION("""COMPUTED_VALUE"""),"") | DL30: 46167 | DM30: =IF(ISBLANK(CY30),"",CY30) | DN30: =IF(ISBLANK(CZ30),"",CZ30) | DO30: =IF( OR(ISBLANK(DA30),DA30=""),"", DA30) | DP30: =IF(ISBLANK(DB30),"",DB30) | DQ30: {=IFERROR(IF(DK30="ac"+ISNUMBER(SEARCH("'",DP30))+DO30="","", IF(ISNUMBER(SEARCH("lw",DP30)), DC30 + SUBSTITUTE(DP30,"lw+",""), MROUND(SWITCH(DK30,"sq",DO$7,"bn",DP$7,"dl",DQ$7,"")*IF(DP30>10, DP30/100, VLOOKUP(DP30, _rpe,SUBSTITUTE(DO30,"+","")+1,0)), IF( SWITCH(DK30,"sq",DO$7,"bn",DP$7,"dl", DQ$7,"")< IF(_uom="lbs", 175, 80), 1.25, IF(_uom="lbs",5,2.5))))), "")} | DU30: =IFERROR(__xludf.DUMMYFUNCTION("IF(DQ30=MAX(FILTER(DQ$10:DQ$199,LOOKUP(ROW(DK$10:DK$199),FILTER(ROW(DK$10:DK$199),DK$10:DK$199<>DK$9:DK$198))=LOOKUP(ROW(DK30),FILTER(ROW(DK$10:DK$199),DK$10:DK$199<>DK$9:DK$198)))),DR30,)"),"") | IW30: =IF(ISBLANK(#REF!),"",#REF!) -> #REF! | IY30: #REF!
